의안ID,의안번호,법안명,카테고리,제안자,대표발의자,제안일,소관위원회,처리상태,상태변경,상세링크,AI요약,최종수집일
PRC_D2B6A0B7Z1Z4V0W9U4T7T5R3S1A6B4,2220041,독점규제 및 공정거래에 관한 법률 일부개정법률안,공정거래법,박상웅의원 등 13인,박상웅,2026-07-20,정무위원회,소관위 심사중,,https://likms.assembly.go.kr/bill/billDetail.do?billId=PRC_D2B6A0B7Z1Z4V0W9U4T7T5R3S1A6B4,"공정거래위원회의 처분이 법원에서 취소될 경우, 그 원인을 의무적으로 검토하고 개선 조치를 공개하여 행정의 신뢰성을 높이려 합니다.",2026-08-25 11:03
PRC_E2D6L0M6K1J2I1Q7Q1P8O1M2U4V1U0,2219448,독점규제 및 공정거래에 관한 법률 일부개정법률안,공정거래법,김남근의원 등 22인,김남근,2026-06-23,정무위원회,소관위 심사중,,https://likms.assembly.go.kr/bill/billDetail.do?billId=PRC_E2D6L0M6K1J2I1Q7Q1P8O1M2U4V1U0,"고의적인 불법행위에 대해 실손해의 3배를 징벌적 손해배상액으로 원칙적으로 부과하고, 감액 사유를 엄격히 제한하여 제도의 실효성을 높이려 합니다.",2026-08-25 11:03
PRC_H2G6E0E6M0J8H1E0D3C3B2J1I3H5G4,2219249,독점규제 및 공정거래에 관한 법률 일부개정법률안,공정거래법,유동수의원 등 10인,유동수,2026-06-15,정무위원회,소관위 심사중,,https://likms.assembly.go.kr/bill/billDetail.do?billId=PRC_H2G6E0E6M0J8H1E0D3C3B2J1I3H5G4,"상장 자회사나 손자회사의 주식 보유 기준을 완화하는 특례를 폐지하고 50% 이상 보유를 의무화하여, 무분별한 중복 상장과 주식가치 하락을 막으려 합니다.",2026-08-25 11:03
PRC_M2V6V0T4U2S7R1S4Z0A7Y2Z1Y7W7W1,2218875,독점규제 및 공정거래에 관한 법률 일부개정법률안,공정거래법,김문수의원 등 11인,김문수,2026-05-07,정무위원회,소관위 심사중,,https://likms.assembly.go.kr/bill/billDetail.do?billId=PRC_M2V6V0T4U2S7R1S4Z0A7Y2Z1Y7W7W1,동일한 알고리즘을 공동으로 사용하여 가격이나 거래 조건을 설정하는 행위도 담합으로 추정하여 새로운 형태의 가격 조작을 규제하려 합니다.,2026-08-25 11:03
PRC_N2B6B0A3I1N7K1J0I2P1N2M7L0U4T4,2218468,독점규제 및 공정거래에 관한 법률 일부개정법률안,공정거래법,이양수의원 등 11인,이양수,2026-04-21,정무위원회,소관위 심사중,,https://likms.assembly.go.kr/bill/billDetail.do?billId=PRC_N2B6B0A3I1N7K1J0I2P1N2M7L0U4T4,담합을 자진신고하여 제재를 감면받은 기업이 7년 이내에 다시 담합을 하면 감면 혜택을 주지 않아 상습적인 담합을 막으려 합니다.,2026-08-25 11:03
PRC_Y2Y6X0Y4W0W6V1D0D2B1D3B8B4Z6A1,2218421,독점규제 및 공정거래에 관한 법률 일부개정법률안,공정거래법,문진석의원 등 12인,문진석,2026-04-17,정무위원회,소관위 심사중,,https://likms.assembly.go.kr/bill/billDetail.do?billId=PRC_Y2Y6X0Y4W0W6V1D0D2B1D3B8B4Z6A1,담합으로 왜곡된 가격을 기업이 독자적으로 다시 결정하도록 하는 '가격재결정명령'을 법률에 직접 규정하여 신속하게 시장 가격을 바로잡으려 합니다.,2026-08-25 11:03
PRC_F2E6D0B3P2Q7Y1X2V5U7Q5R8P6O7N2,2218294,독점규제 및 공정거래에 관한 법률 일부개정법률안,공정거래법,이인영의원 등 10인,이인영,2026-04-13,정무위원회,소관위 심사중,,https://likms.assembly.go.kr/bill/billDetail.do?billId=PRC_F2E6D0B3P2Q7Y1X2V5U7Q5R8P6O7N2,"기업결합 심사 시 자료 보완을 요구할 수 있는 법적 근거를 마련하고, 그에 소요되는 기간은 심사 기간에서 제외하여 심사의 투명성을 높이려 합니다.",2026-08-25 11:03
PRC_X2W6W0V4V0R6S1Q0Q5P7N4O9V8X7V4,2218242,독점규제 및 공정거래에 관한 법률 일부개정법률안,공정거래법,윤한홍의원 등 11인,윤한홍,2026-04-10,정무위원회,소관위 심사중,,https://likms.assembly.go.kr/bill/billDetail.do?billId=PRC_X2W6W0V4V0R6S1Q0Q5P7N4O9V8X7V4,지주회사 설립 신고 등 단순한 행정적 의무 위반에 대한 과도한 형벌을 폐지하고 과태료로 전환하여 기업의 부담을 줄이려 합니다.,2026-08-25 11:03
PRC_K2S6T0R2R2Q7R1P0Q0X9Y4W6V9V7T9,2217963,독점규제 및 공정거래에 관한 법률 일부개정법률안,공정거래법,이인영의원 등 10인,이인영,2026-03-31,정무위원회,소관위 심사중,,https://likms.assembly.go.kr/bill/billDetail.do?billId=PRC_K2S6T0R2R2Q7R1P0Q0X9Y4W6V9V7T9,"대기업의 부당한 이익 제공을 규제할 때, 발행주식 총수 대신 자사주를 뺀 실제 유통주식수를 기준으로 삼아 실효성 있는 규제를 하려 합니다.",2026-08-25 11:03
PRC_E2M6M0L3J0K9I1J8E3F3D5E6C1B7B7,2217542,독점규제 및 공정거래에 관한 법률 일부개정법률안,공정거래법,김남근의원 등 20인,김남근,2026-03-17,정무위원회,소관위 심사중,,https://likms.assembly.go.kr/bill/billDetail.do?billId=PRC_E2M6M0L3J0K9I1J8E3F3D5E6C1B7B7,공정거래위원회의 조사에 정당한 사유 없이 불응할 경우 과징금과 이행강제금을 부과할 수 있도록 경제적 제재를 강화하려 합니다.,2026-08-25 11:03
PRC_J2K6I0I2H2P6P1N5O4M7N0L7M1I5I5,2217119,독점규제 및 공정거래에 관한 법률 일부개정법률안,공정거래법,김남근의원 등 16인,김남근,2026-02-26,정무위원회,소관위 심사중,,https://likms.assembly.go.kr/bill/billDetail.do?billId=PRC_J2K6I0I2H2P6P1N5O4M7N0L7M1I5I5,"단순한 절차 위반에 대한 형벌을 과태료로 바꾸고, 주요 법 위반 행위의 과징금 상한을 높여 불법 행위를 실효성 있게 억제하려 합니다.",2026-08-25 11:03
PRC_O2N6O0M2M1U2T1T8S1S5Q3R0N3N6M3,2217054,독점규제 및 공정거래에 관한 법률 일부개정법률안,공정거래법,김승원의원 등 11인,김승원,2026-02-26,정무위원회,소관위 심사중,,https://likms.assembly.go.kr/bill/billDetail.do?billId=PRC_O2N6O0M2M1U2T1T8S1S5Q3R0N3N6M3,공정거래위원회와 약속한 시정 방안(동의의결)을 이행하지 않을 때 부과하는 이행강제금을 일일 평균 매출액 기준으로 대폭 올려 제도의 실효성을 높이려 합니다.,2026-08-25 11:03
PRC_C2K6I0J1H1I3G1G7P5P5N3O7M6N7L6,2216729,독점규제 및 공정거래에 관한 법률 일부개정법률안,공정거래법,김승원의원 등 12인,김승원,2026-02-11,정무위원회,소관위 심사중,,https://likms.assembly.go.kr/bill/billDetail.do?billId=PRC_C2K6I0J1H1I3G1G7P5P5N3O7M6N7L6,시장지배력 남용이나 담합 등 불공정 행위에 대한 과징금 상한을 대폭 높여 기업의 위법 행위를 효과적으로 막으려 합니다.,2026-08-25 11:03
PRC_R2S5R1R2Z2Z6Y1Y0X1V3W5D3E5D1D9,2215637,독점규제 및 공정거래에 관한 법률 일부개정법률안,공정거래법,김우영의원 등 15인,김우영,2025-12-26,정무위원회,소관위 심사중,,https://likms.assembly.go.kr/bill/billDetail.do?billId=PRC_R2S5R1R2Z2Z6Y1Y0X1V3W5D3E5D1D9,시장지배적 사업자의 남용 행위에 대한 과징금 상한을 매출액의 30%까지 높이고 정액 과징금도 현실화하여 제재의 실효성을 높이려 합니다.,2026-08-25 11:03
PRC_N2L5M1L1L2H5H1G9E1F9D2E4L3M2K9,2215496,독점규제 및 공정거래에 관한 법률 일부개정법률안,공정거래법,박범계의원 등 11인,박범계,2025-12-22,정무위원회,소관위 심사중,,https://likms.assembly.go.kr/bill/billDetail.do?billId=PRC_N2L5M1L1L2H5H1G9E1F9D2E4L3M2K9,"공정거래위원회가 직접 시정 방안을 요구할 수 있게 하고, 동의의결 처리 기한을 두어 신속하게 피해를 구제하려 합니다.",2026-08-25 11:03
PRC_E2E5M1M2L0J2K2I0J4R1R1P4Q0P6N3,2214978,독점규제 및 공정거래에 관한 법률 일부개정법률안,공정거래법,이헌승의원 등 12인,이헌승,2025-12-08,정무위원회,소관위 심사중,,https://likms.assembly.go.kr/bill/billDetail.do?billId=PRC_E2E5M1M2L0J2K2I0J4R1R1P4Q0P6N3,공정거래위원회가 회의 전에 작성하는 심사보고서의 절차와 내용을 법률로 명문화하여 피심인의 방어권을 보장하려 합니다.,2026-08-25 11:03
PRC_C2Y5Z1X2X0W2X2V0V4D1E4C8A8B1Z5,2214941,독점규제 및 공정거래에 관한 법률 일부개정법률안,공정거래법,이헌승의원 등 12인,이헌승,2025-12-05,정무위원회,소관위 심사중,,https://likms.assembly.go.kr/bill/billDetail.do?billId=PRC_C2Y5Z1X2X0W2X2V0V4D1E4C8A8B1Z5,다른 부처의 행정 조치와 공정거래법이 충돌할 때 관계 부처의 의견을 듣고 이를 고려하여 제재 처분을 하도록 하려 합니다.,2026-08-25 11:03
PRC_X2M5O1M1M1K3L1K8R4S5Q0R3P9Q5O5,2214803,독점규제 및 공정거래에 관한 법률 일부개정법률안,공정거래법,윤준병의원 등 10인,윤준병,2025-12-03,정무위원회,소관위 심사중,,https://likms.assembly.go.kr/bill/billDetail.do?billId=PRC_X2M5O1M1M1K3L1K8R4S5Q0R3P9Q5O5,담합을 주도하거나 시장 지위가 가장 높은 기업이 자진신고를 악용해 경쟁사를 시장에서 퇴출시키는 것을 막기 위해 감면 혜택을 배제하려 합니다.,2026-08-25 11:03
PRC_P2P5O1O1M0N6M1M1U2U9T5R6S9Q6Q5,2214016,독점규제 및 공정거래에 관한 법률 일부개정법률안,공정거래법,민형배의원 등 10인,민형배,2025-11-07,정무위원회,소관위 심사중,,https://likms.assembly.go.kr/bill/billDetail.do?billId=PRC_P2P5O1O1M0N6M1M1U2U9T5R6S9Q6Q5,공정거래위원회가 조사 진행 상황을 의무적으로 통지하도록 법률에 규정하여 피조사인의 권리를 보호하려 합니다.,2026-08-25 11:03
PRC_F2D5D1C0A1B5I1J6H4I5G5H7F7G6B0,2213632,독점규제 및 공정거래에 관한 법률 일부개정법률안,공정거래법,박상혁의원 등 10인,박상혁,2025-10-17,정무위원회,소관위 심사중,,https://likms.assembly.go.kr/bill/billDetail.do?billId=PRC_F2D5D1C0A1B5I1J6H4I5G5H7F7G6B0,"국가첨단전략산업의 대규모 설비 투자를 지원하기 위해, 손자회사의 자회사에 첨단전략산업기금이 투자하는 특수목적법인(SPC) 설립을 예외적으로 허용하려 합니다.",2026-08-25 11:03
PRC_E2F5D0C9C2K9L1J5J5I7J4H4H6D7D1,2213571,독점규제 및 공정거래에 관한 법률 일부개정법률안,공정거래법,민병덕의원 등 20인 외 1인,민병덕,2025-10-14,정무위원회,소관위 심사중,,https://likms.assembly.go.kr/bill/billDetail.do?billId=PRC_E2F5D0C9C2K9L1J5J5I7J4H4H6D7D1,사모펀드도 공시 대상 비상장회사에 포함해 경영 투명성을 높이려 합니다.,2026-08-25 11:03
PRC_H2I5G1H0F0F9E1M4M2K1L1K3K1I5J7,2213519,독점규제 및 공정거래에 관한 법률 일부개정법률안,공정거래법,박정훈의원 등 13인,박정훈,2025-10-10,정무위원회,소관위 심사중,,https://likms.assembly.go.kr/bill/billDetail.do?billId=PRC_H2I5G1H0F0F9E1M4M2K1L1K3K1I5J7,대형 배달플랫폼의 과도한 수수료 인상과 부당 전가를 막아 소상공인과 소비자의 부담을 덜어주려 합니다.,2026-08-25 11:03
PRC_G2E5E0C9D2B9C1Y5Y3X7X2W5U4U2C9,2213452,독점규제 및 공정거래에 관한 법률 일부개정법률안,공정거래법,김승원의원 등 11인,김승원,2025-10-02,정무위원회,소관위 심사중,,https://likms.assembly.go.kr/bill/billDetail.do?billId=PRC_G2E5E0C9D2B9C1Y5Y3X7X2W5U4U2C9,대기업집단의 규제 회피 행위(탈법행위)에도 과징금을 부과할 수 있도록 근거를 마련하려 합니다.,2026-08-25 11:03
PRC_H2I5G0G9P2P9N1O4M0L6L0T7U1S7T5,2213427,독점규제 및 공정거래에 관한 법률 일부개정법률안,공정거래법,이헌승의원 등 13인,이헌승,2025-10-01,정무위원회,소관위 심사중,,https://likms.assembly.go.kr/bill/billDetail.do?billId=PRC_H2I5G0G9P2P9N1O4M0L6L0T7U1S7T5,산업 구조조정이 신속하게 이루어질 수 있도록 부당한 공동행위 예외 허용 절차를 유연화하려 합니다.,2026-08-25 11:03
PRC_Y2X5V0U9C1J6I1J3H5G9O1N6O6M0L8,2213337,독점규제 및 공정거래에 관한 법률 일부개정법률안,공정거래법,박상혁의원 등 14인,박상혁,2025-09-26,정무위원회,소관위 심사중,,https://likms.assembly.go.kr/bill/billDetail.do?billId=PRC_Y2X5V0U9C1J6I1J3H5G9O1N6O6M0L8,과징금 부과 대상자가 의도적으로 매출액 산정을 방해하는 것을 막기 위해 과징금 부과 한도를 높이려 합니다.,2026-08-25 11:03
PRC_Y2E5D0C9B0K5J1F1O3N0M4L2F4E3D6,2212779,독점규제 및 공정거래에 관한 법률 일부개정법률안,공정거래법,김현정의원 등 13인,김현정,2025-09-08,정무위원회,소관위 심사중,,https://likms.assembly.go.kr/bill/billDetail.do?billId=PRC_Y2E5D0C9B0K5J1F1O3N0M4L2F4E3D6,불공정 거래로 거둔 과징금을 재원으로 피해구제기금을 만들어 피해자들을 직접 돕고자 합니다.,2026-08-25 11:03
PRC_I2D5E0P9T0X2K1F8H1G9O1W6R7C4G5,2212618,독점규제 및 공정거래에 관한 법률 일부개정법률안,공정거래법,김남근의원 등 20인,김남근,2025-09-02,정무위원회,소관위 심사중,,https://likms.assembly.go.kr/bill/billDetail.do?billId=PRC_I2D5E0P9T0X2K1F8H1G9O1W6R7C4G5,불공정 거래로 걷은 과징금으로 기금을 조성해 피해를 본 사업자와 소비자를 신속히 구제하려 합니다.,2026-08-25 11:03
PRC_P2N5O0N7I2J3H1H5G3H6F5F0N3O9M0,2212121,독점규제 및 공정거래에 관한 법률 일부개정법률안,공정거래법,황운하의원 등 14인,황운하,2025-08-12,정무위원회,소관위 심사중,,https://likms.assembly.go.kr/bill/billDetail.do?billId=PRC_P2N5O0N7I2J3H1H5G3H6F5F0N3O9M0,형사사법체계 개편에 맞춰 공정위가 고발이나 합의를 요청할 수 있는 기관을 넓히려 합니다.,2026-08-25 11:03
PRC_J2R5S0R4R0P3Q1O5P5X5V4W3U3U5S9,2211556,독점규제 및 공정거래에 관한 법률 일부개정법률안,공정거래법,천하람의원 등 10인,천하람,2025-07-18,정무위원회,소관위 심사중,,https://likms.assembly.go.kr/bill/billDetail.do?billId=PRC_J2R5S0R4R0P3Q1O5P5X5V4W3U3U5S9,오래된 기업결합 신고 기준을 현실에 맞게 개편하고 벤처캐피탈 규제를 완화해 시장 활력을 높이려 합니다.,2026-08-25 11:03
PRC_V2V5R0Q4Q2O8P1N3O4W5W4V8T2T7S5,2211120,독점규제 및 공정거래에 관한 법률 일부개정법률안,공정거래법,이해식의원 등 14인,이해식,2025-06-27,정무위원회,소관위 심사중,,https://likms.assembly.go.kr/bill/billDetail.do?billId=PRC_V2V5R0Q4Q2O8P1N3O4W5W4V8T2T7S5,공정위 조사 시 변호인의 조력을 받을 권리와 비밀유지권을 보장해 피조사자의 방어권을 강화하려 합니다.,2026-08-25 11:03
PRC_L2J5K0I6J2Q0R1Q3O2O1M0N3V1W6U5,2210975,독점규제 및 공정거래에 관한 법률 일부개정법률안,공정거래법,전용기의원 등 12인,전용기,2025-06-20,정무위원회,소관위 심사중,,https://likms.assembly.go.kr/bill/billDetail.do?billId=PRC_L2J5K0I6J2Q0R1Q3O2O1M0N3V1W6U5,공정위의 고발 대상을 검찰뿐만 아니라 경찰과 공수처 등으로 확대해 수사의 공정성을 높이려 합니다.,2026-08-25 11:03
PRC_B2C5A0Z6Z1X1Y1G7G4F9F1D2E6D4K8,2210902,독점규제 및 공정거래에 관한 법률 일부개정법률안,공정거래법,김현정의원ㆍ신장식의원ㆍ한창민의원 등 32인,"김현정,신장식,한창민",2025-06-17,정무위원회,소관위 심사중,,https://likms.assembly.go.kr/bill/billDetail.do?billId=PRC_B2C5A0Z6Z1X1Y1G7G4F9F1D2E6D4K8,노동조합과 노무제공자를 공정거래법상 사업자에서 제외하여 근로자의 정당한 노동권을 보호하려 합니다.,2026-08-25 11:03
PRC_R2S5A0B5Z0Z1Y2W1X2S9T0S3S2Q1R3,2210455,독점규제 및 공정거래에 관한 법률 일부개정법률안,공정거래법,민형배의원 등 12인,민형배,2025-05-09,정무위원회,소관위 심사중,,https://likms.assembly.go.kr/bill/billDetail.do?billId=PRC_R2S5A0B5Z0Z1Y2W1X2S9T0S3S2Q1R3,국정감사 시 공정위가 직무상 비밀 자료를 최소한의 범위에서 제출할 수 있게 해 알 권리를 보장하려 합니다.,2026-08-25 11:03
PRC_W2U5V0U4S2S3A1B7Z1A2Y2Z6X3F3G7,2210153,독점규제 및 공정거래에 관한 법률 일부개정법률안,공정거래법,이강일의원 등 13인,이강일,2025-04-28,정무위원회,소관위 심사중,,https://likms.assembly.go.kr/bill/billDetail.do?billId=PRC_W2U5V0U4S2S3A1B7Z1A2Y2Z6X3F3G7,온라인 플랫폼이 수수료 등 거래 조건을 투명하게 공개하고 입점업체에 협상권을 부여하려 합니다.,2026-08-25 11:03
PRC_L2K5K0S3S3R1P1Q3O4P8W0X7W9W7U1,2209546,독점규제 및 공정거래에 관한 법률 일부개정법률안,공정거래법,이정문의원 등 12인,이정문,2025-04-02,정무위원회,소관위 심사중,,https://likms.assembly.go.kr/bill/billDetail.do?billId=PRC_L2K5K0S3S3R1P1Q3O4P8W0X7W9W7U1,국외 계열회사를 이용한 순환출자 등 규제 회피를 막기 위해 규제 대상을 해외까지 넓히려 합니다.,2026-08-25 11:03
PRC_Q2R5Z0A2Y2Y1W1V8W0L6M0L4L8J7K8,2208965,독점규제 및 공정거래에 관한 법률 일부개정법률안,공정거래법,김남근의원 등 20인,김남근,2025-03-14,정무위원회,소관위 심사중,,https://likms.assembly.go.kr/bill/billDetail.do?billId=PRC_Q2R5Z0A2Y2Y1W1V8W0L6M0L4L8J7K8,해외 계열회사를 활용한 변칙적인 순환출자 형성을 금지해 기업집단 규제의 실효성을 높이려 합니다.,2026-08-25 11:03
PRC_G2E5F0E1E2M0M1L4J3K4I5J2R9R1P6,2207662,독점규제 및 공정거래에 관한 법률 일부개정법률안,공정거래법,박상혁의원 등 11인,박상혁,2025-01-21,정무위원회,소관위 심사중,,https://likms.assembly.go.kr/bill/billDetail.do?billId=PRC_G2E5F0E1E2M0M1L4J3K4I5J2R9R1P6,전문적인 기업결합 심사를 위해 신고자에게 심사 수수료를 부과할 수 있는 근거를 마련하려 합니다.,2026-08-25 11:03
PRC_S2S4R1S1Q2Q7O1X3X2V6W2V8V1T8U1,2206863,독점규제 및 공정거래에 관한 법률 일부개정법률안,공정거래법,윤한홍의원 등 11인,윤한홍,2024-12-24,정무위원회,소관위 심사중,,https://likms.assembly.go.kr/bill/billDetail.do?billId=PRC_S2S4R1S1Q2Q7O1X3X2V6W2V8V1T8U1,동일인과 기업집단의 범위를 법으로 명확히 하고 불필요한 규제를 완화해 제도의 수용성을 높이려 합니다.,2026-08-25 11:03
PRC_Z2Z4Y1G1G2E1F1E0E1C9D1Z0X8Y0W5,2206237,독점규제 및 공정거래에 관한 법률 일부개정법률안,공정거래법,이인영의원 등 11인,이인영,2024-12-05,정무위원회,소관위 심사중,,https://likms.assembly.go.kr/bill/billDetail.do?billId=PRC_Z2Z4Y1G1G2E1F1E0E1C9D1Z0X8Y0W5,공정거래위원회 위원의 겸직을 금지하여 이해충돌을 방지하고 공정성을 확보하려 합니다.,2026-08-25 11:03
PRC_T2U4S1R1R2Z1A1Y6X0X1W1W8S8S9R6,2206037,독점규제 및 공정거래에 관한 법률 일부개정법률안,공정거래법,김용만의원 등 10인,김용만,2024-11-29,정무위원회,소관위 심사중,,https://likms.assembly.go.kr/bill/billDetail.do?billId=PRC_T2U4S1R1R2Z1A1Y6X0X1W1W8S8S9R6,지주회사의 지배구조 투명성을 높이고 이중상장 문제를 해결하기 위해 관련 공시와 규제를 강화하려 합니다.,2026-08-25 11:03
PRC_L2M4T1U1S2T5S1Q8Q2Y1Z0X9Y1W8V0,2206030,독점규제 및 공정거래에 관한 법률 일부개정법률안,공정거래법,이헌승의원 등 12인,이헌승,2024-11-28,정무위원회,소관위 심사중,,https://likms.assembly.go.kr/bill/billDetail.do?billId=PRC_L2M4T1U1S2T5S1Q8Q2Y1Z0X9Y1W8V0,일반지주회사가 초기 창업기업을 전문적으로 육성하는 '창업기획자' 주식을 보유할 수 있게 허용하여 벤처투자 생태계를 활성화하려 합니다.,2026-08-25 11:03
PRC_R2Z4A1Y1Y1X1V1W0D4E0D2D8B8C2B9,2205992,독점규제 및 공정거래에 관한 법률 일부개정법률안,공정거래법,권성동의원 등 10인,권성동,2024-11-28,정무위원회,소관위 심사중,,https://likms.assembly.go.kr/bill/billDetail.do?billId=PRC_R2Z4A1Y1Y1X1V1W0D4E0D2D8B8C2B9,"공정거래위원회의 조사 기간과 연장 사유를 법으로 명확하게 제한하여, 신속한 사건 처리로 국민과 기업의 피해를 줄이려 합니다.",2026-08-25 11:03
PRC_I2H4N0M6L1K4T1R5O1S4R4Y1X8V4E0,2205538,독점규제 및 공정거래에 관한 법률 일부개정법률안,공정거래법,이언주의원 등 10인,이언주,2024-11-13,정무위원회,소관위 심사중,,https://likms.assembly.go.kr/bill/billDetail.do?billId=PRC_I2H4N0M6L1K4T1R5O1S4R4Y1X8V4E0,"대기업 총수 일가의 해외 계열사 주식 소유 현황을 공시하도록 의무화하고, 지배구조 내부규범을 마련하게 하여 투명성을 높이려 합니다.",2026-08-25 11:03
PRC_H2P4O1M0L2M8U1S4R4S9R3N8L7K0J3,2205310,독점규제 및 공정거래에 관한 법률 일부개정법률안,공정거래법,권성동의원 등 10인,권성동,2024-11-06,정무위원회,소관위 심사중,,https://likms.assembly.go.kr/bill/billDetail.do?billId=PRC_H2P4O1M0L2M8U1S4R4S9R3N8L7K0J3,공정거래위원회 조사 시 당사자에게 진술거부권을 알리고 조사권 남용 기준을 마련해 부당한 권리 침해를 막으려 합니다.,2026-08-25 11:03
PRC_Z2G4E1F0E1D6L1J5K3J3H0Q6O8N4O6,2204947,독점규제 및 공정거래에 관한 법률 일부개정법률안,공정거래법,강민국의원 등 12인,강민국,2024-10-28,정무위원회,소관위 심사중,,https://likms.assembly.go.kr/bill/billDetail.do?billId=PRC_Z2G4E1F0E1D6L1J5K3J3H0Q6O8N4O6,시장 지배력을 가진 거대 온라인 플랫폼의 자사우대나 끼워팔기 등 4대 반경쟁 행위를 금지하여 플랫폼 시장의 독과점을 막으려 합니다.,2026-08-25 11:03
PRC_P2O4L0T9S2R6Q1F8C1B1K3I5H6G2P1,2204585,독점규제 및 공정거래에 관한 법률 일부개정법률안,공정거래법,박상혁의원 등 10인,박상혁,2024-10-07,정무위원회,소관위 심사중,,https://likms.assembly.go.kr/bill/billDetail.do?billId=PRC_P2O4L0T9S2R6Q1F8C1B1K3I5H6G2P1,온라인 플랫폼 입점 사업자도 불공정거래 피해를 입었을 때 한국공정거래조정원에서 법률 상담과 소송 지원을 받을 수 있도록 하려 합니다.,2026-08-25 11:03
PRC_K2S4S0Q8R2P6O1O4K0L9J4J4I6I4H6,2204456,독점규제 및 공정거래에 관한 법률 일부개정법률안,공정거래법,박형수의원 등 10인,박형수,2024-09-30,정무위원회,소관위 심사중,,https://likms.assembly.go.kr/bill/billDetail.do?billId=PRC_K2S4S0Q8R2P6O1O4K0L9J4J4I6I4H6,공정거래위원회의 처분에 불복할 때 서울고등법원 전속관할을 폐지하여 3심제를 보장하고 국민의 방어권을 강화하려 합니다.,2026-08-25 11:03
PRC_T2B4C0A9A0Y3Z1Y7F0G1E3F9D8E3C7,2204010,독점규제 및 공정거래에 관한 법률 일부개정법률안,공정거래법,박범계의원 등 10인,박범계,2024-09-13,정무위원회,소관위 심사중,,https://likms.assembly.go.kr/bill/billDetail.do?billId=PRC_T2B4C0A9A0Y3Z1Y7F0G1E3F9D8E3C7,공정거래위원회 처분에 불복하는 소송의 관할법원을 서울고등법원에서 공정위 소재지를 관할하는 대전고등법원으로 바꾸려 합니다.,2026-08-25 11:03
PRC_R2R4Z0Z9Y1W1X1V0W0D8E2C2D6B7C8,2203922,독점규제 및 공정거래에 관한 법률 일부개정법률안,공정거래법,김상훈의원 등 11인,김상훈,2024-09-11,정무위원회,소관위 심사중,,https://likms.assembly.go.kr/bill/billDetail.do?billId=PRC_R2R4Z0Z9Y1W1X1V0W0D8E2C2D6B7C8,공시대상기업집단 지정 기준을 고정된 자산총액 대신 국내총생산(GDP)과 연동되도록 하여 경제 여건에 맞게 규제를 합리화하려 합니다.,2026-08-25 11:03
PRC_N2V4V0U9S0T2R1S1A4Y8Z2X1Y7W9S8,2203817,온라인 플랫폼 독점규제 및 공정거래에 관한 법률안,공정거래법,이강일의원 등 14인,이강일,2024-09-09,정무위원회,소관위 심사중,,https://likms.assembly.go.kr/bill/billDetail.do?billId=PRC_N2V4V0U9S0T2R1S1A4Y8Z2X1Y7W9S8,대형 온라인 플랫폼의 시장지배적 지위 남용을 막고 공정한 전자상거래 질서를 확립하기 위해 별도의 규제 법안을 제정하려 합니다.,2026-08-25 11:03
PRC_S2A4Z0Y7W2F3G1E7C2B5K4J7K9I8F4,2203082,독점규제 및 공정거래에 관한 법률 일부개정법률안,공정거래법,정연욱의원 등 14인,정연욱,2024-08-22,정무위원회,소관위 심사중,,https://likms.assembly.go.kr/bill/billDetail.do?billId=PRC_S2A4Z0Y7W2F3G1E7C2B5K4J7K9I8F4,대기업 규제 대상인 공시대상기업집단 지정 기준을 국내총생산액(GDP)의 일정 비율로 연동해 불합리한 규제 부담을 줄이려 합니다.,2026-08-25 11:03
PRC_E2M4K0L8J1J9K1I0I5H6F1G5O4O5M6,2203056,독점규제 및 공정거래에 관한 법률 일부개정법률안,공정거래법,윤후덕의원 등 15인,윤후덕,2024-08-21,정무위원회,소관위 심사중,,https://likms.assembly.go.kr/bill/billDetail.do?billId=PRC_E2M4K0L8J1J9K1I0I5H6F1G5O4O5M6,공정거래분쟁조정협의회의 보궐위원 임기를 새로 시작하도록 바꾸어 업무의 연속성과 효율성을 높이려 합니다.,2026-08-25 11:03
PRC_O2M4N0V7T0U4S1S0R1S9Z2Y2Z5X8X0,2202583,독점규제 및 공정거래에 관한 법률 일부개정법률안,공정거래법,박수민의원 등 10인,박수민,2024-08-06,정무위원회,소관위 심사중,,https://likms.assembly.go.kr/bill/billDetail.do?billId=PRC_O2M4N0V7T0U4S1S0R1S9Z2Y2Z5X8X0,"지주회사 벤처캐피탈(CVC)의 외부 자금 유치 한도와 해외 투자 비중을 늘리고, 투자회사 임원 겸임 시 기업결합 신고를 면제해 투자를 활성화하려 합니다.",2026-08-25 11:03
PRC_O2W4X0V7V1U0S1T7A5B2A4A6Z6X3X2,2201768,독점규제 및 공정거래에 관한 법률 일부개정법률안,공정거래법,김상훈의원 등 11인,김상훈,2024-07-15,정무위원회,소관위 심사중,,https://likms.assembly.go.kr/bill/billDetail.do?billId=PRC_O2W4X0V7V1U0S1T7A5B2A4A6Z6X3X2,경제 불황 속 벤처 투자를 살리기 위해 일반지주회사 벤처캐피탈(CVC)의 외부 출자 한도와 해외 투자 제한을 완화하려 합니다.,2026-08-25 11:03
PRC_R2S4Q0R6P0X5Y1W0X1V1U5U0C5C6B3,2201289,독점규제 및 공정거래에 관한 법률 일부개정법률안,공정거래법,박충권의원 등 10인,박충권,2024-07-02,정무위원회,소관위 심사중,,https://likms.assembly.go.kr/bill/billDetail.do?billId=PRC_R2S4Q0R6P0X5Y1W0X1V1U5U0C5C6B3,동의의결 제도의 악용을 막기 위해 신청 전 위법행위 중지 및 피해 구제 사실을 증명하는 서류를 제출하도록 하고 허위 제출 시 처벌하려 합니다.,2026-08-25 11:03
PRC_S2Q6Q0Z6Z2X3Y1X0V4V7D1E4C9D0B4,2219616,하도급거래 공정화에 관한 법률 일부개정법률안,하도급법,허성무의원 등 12인,허성무,2026-06-30,정무위원회,소관위 심사중,,https://likms.assembly.go.kr/bill/billDetail.do?billId=PRC_S2Q6Q0Z6Z2X3Y1X0V4V7D1E4C9D0B4,하도급 계약서를 국어와 외국어로 함께 작성했을 때 해석에 다툼이 생기면 국어 내용을 우선 적용하도록 하려 합니다.,2026-08-25 11:03
PRC_L2M6K0L6J2R3R1Q6R0P6P3N0W3W0U0,2219615,하도급거래 공정화에 관한 법률 일부개정법률안,하도급법,김남근의원 등 11인,김남근,2026-06-30,정무위원회,소관위 심사중,,https://likms.assembly.go.kr/bill/billDetail.do?billId=PRC_L2M6K0L6J2R3R1Q6R0P6P3N0W3W0U0,국외에서 이루어진 건설위탁에도 하도급법을 적용하고 부당한 국제중재 특약을 금지하여 해외에 진출한 중소 수급사업자를 보호하려 합니다.,2026-08-25 11:03
PRC_J2R6Q0O6N1O0W1V4T1S3O5N5N6M3L1,2219474,하도급거래 공정화에 관한 법률 일부개정법률안,하도급법,허성무의원 등 11인,허성무,2026-06-24,정무위원회,소관위 심사중,,https://likms.assembly.go.kr/bill/billDetail.do?billId=PRC_J2R6Q0O6N1O0W1V4T1S3O5N5N6M3L1,이동하기 어려운 하도급 목적물의 검사 요청을 원사업자가 정당한 사유 없이 미루면 자동 수령된 것으로 보아 대금 지연을 막으려 합니다.,2026-08-25 11:03
PRC_G2F6F0E6D1L0K1I4J1I3Q2O5N1R1Q7,2219410,하도급거래 공정화에 관한 법률 일부개정법률안,하도급법,허성무의원 등 11인,허성무,2026-06-22,정무위원회,소관위 심사중,,https://likms.assembly.go.kr/bill/billDetail.do?billId=PRC_G2F6F0E6D1L0K1I4J1I3Q2O5N1R1Q7,하도급대금 지급 기한을 현행 최장 60일에서 40일로 단축하여 중소기업의 자금 유동성을 개선하려 합니다.,2026-08-25 11:03
PRC_Q2O6P0X4X1W0U1V3T5U0P3Q3P2N6N9,2219365,하도급거래 공정화에 관한 법률 일부개정법률안,하도급법,민병덕의원 등 21인,민병덕,2026-06-19,정무위원회,소관위 심사중,,https://likms.assembly.go.kr/bill/billDetail.do?billId=PRC_Q2O6P0X4X1W0U1V3T5U0P3Q3P2N6N9,원사업자가 우월적 지위를 이용해 수급사업자가 5년을 초과하여 제3자에게 물품을 파는 것을 막는 전속거래 약정을 원천 금지하려 합니다.,2026-08-25 11:03
PRC_B2C6A0Z4Z0H6I1G6H1F3D3E4M4M5L9,2219189,하도급거래 공정화에 관한 법률 일부개정법률안,하도급법,민병덕의원 등 10인,민병덕,2026-06-11,정무위원회,소관위 심사중,,https://likms.assembly.go.kr/bill/billDetail.do?billId=PRC_B2C6A0Z4Z0H6I1G6H1F3D3E4M4M5L9,건설 현장에서 발주자가 전자대금지급시스템을 통해 하도급대금을 직접 지급할 수 있도록 하여 대금 미지급 문제를 방지하려 합니다.,2026-08-25 11:03
PRC_Q2P6P0L4L3K0I1J6H3I1Q4O3P8N0N4,2219028,하도급거래 공정화에 관한 법률 일부개정법률안,하도급법,이종배의원 등 12인,이종배,2026-05-20,정무위원회,소관위 심사중,,https://likms.assembly.go.kr/bill/billDetail.do?billId=PRC_Q2P6P0L4L3K0I1J6H3I1Q4O3P8N0N4,하도급대금 연동제 우수기업에 공정위 평가 가점과 행정·재정적 지원을 제공하여 제도의 참여와 확산을 유도하려 합니다.,2026-08-25 11:03
PRC_X2W6S0Q3R2X7W0E9C3A1Z4A5I6H6G8,2217849,하도급거래 공정화에 관한 법률 일부개정법률안,하도급법,신장식의원 등 14인,신장식,2026-03-30,정무위원회,소관위 심사중,,https://likms.assembly.go.kr/bill/billDetail.do?billId=PRC_X2W6S0Q3R2X7W0E9C3A1Z4A5I6H6G8,"중소기업의 기술탈취 피해를 실효성 있게 구제하기 위해 전문가 사실조사, 자료보전명령 등의 '한국형 디스커버리' 제도를 도입하려 합니다.",2026-08-25 11:03
PRC_Z2Y6E0D3C1D8K0J9I3Q6P4O2N3C6K6,2217710,하도급거래 공정화에 관한 법률 일부개정법률안,하도급법,이광희의원 등 10인,이광희,2026-03-24,정무위원회,소관위 심사중,,https://likms.assembly.go.kr/bill/billDetail.do?billId=PRC_Z2Y6E0D3C1D8K0J9I3Q6P4O2N3C6K6,불공정거래 신고 포상금의 지급 기준을 과징금의 일정 비율로 명확히 하여 내부 신고를 활성화하려 합니다.,2026-08-25 11:03
PRC_C2B6B0J2J1H0G1H4F5G1N1O0M2N9L0,2217666,하도급거래 공정화에 관한 법률 일부개정법률안,하도급법,안철수의원 등 10인,안철수,2026-03-20,정무위원회,소관위 심사중,,https://likms.assembly.go.kr/bill/billDetail.do?billId=PRC_C2B6B0J2J1H0G1H4F5G1N1O0M2N9L0,건설 하도급 계약 시 원사업자가 수급사업자에게 지급보증서를 의무적으로 교부하게 하여 보증금 청구를 쉽게 하려 합니다.,2026-08-25 11:03
PRC_R2R6P0O3P0N9N0V9W2U8V3T8U3S8A6,2217555,하도급거래 공정화에 관한 법률 일부개정법률안,하도급법,김승원의원 등 10인,김승원,2026-03-17,정무위원회,소관위 심사중,,https://likms.assembly.go.kr/bill/billDetail.do?billId=PRC_R2R6P0O3P0N9N0V9W2U8V3T8U3S8A6,공정거래위원회의 조사 불응에 대해 과징금 및 이행강제금 등의 경제적 제재를 강화하여 조사의 실효성을 높이려 합니다.,2026-08-25 11:03
PRC_S2T6R0R2Q2Y0Z1X0X2V6W0V5V6D1E0,2217414,하도급거래 공정화에 관한 법률 일부개정법률안,하도급법,엄태영의원 등 11인,엄태영,2026-03-12,정무위원회,소관위 심사중,,https://likms.assembly.go.kr/bill/billDetail.do?billId=PRC_S2T6R0R2Q2Y0Z1X0X2V6W0V5V6D1E0,미연동 합의를 했더라도 수급사업자가 원하면 하도급대금 연동을 다시 요청할 수 있도록 하여 제도의 활용도를 높이려 합니다.,2026-08-25 11:03
PRC_Q2Q6O0P2X2Y4W1U3V1T4U5C6C7B1B6,2217128,하도급거래 공정화에 관한 법률 일부개정법률안,하도급법,김승원의원 등 11인,김승원,2026-02-27,정무위원회,소관위 심사중,,https://likms.assembly.go.kr/bill/billDetail.do?billId=PRC_Q2Q6O0P2X2Y4W1U3V1T4U5C6C7B1B6,경미한 위반행위에 대한 형사처벌을 과징금이나 과태료 등 행정제재로 전환하여 기업 경영의 위축을 막으려 합니다.,2026-08-25 11:03
PRC_O2M6N0U2V2T4S1T3R0R0N3N2M6N5L3,2217061,하도급거래 공정화에 관한 법률 일부개정법률안,하도급법,김승원의원 등 11인,김승원,2026-02-26,정무위원회,소관위 심사중,,https://likms.assembly.go.kr/bill/billDetail.do?billId=PRC_O2M6N0U2V2T4S1T3R0R0N3N2M6N5L3,불공정거래행위에 대한 정액과징금의 상한액을 100억 원으로 상향하여 법 위반 억제력을 높이려 합니다.,2026-08-25 11:03
PRC_U2V6T0T2C0A5A0Z9Z4X6Y5U0U9T8T2,2217055,하도급거래 공정화에 관한 법률 일부개정법률안,하도급법,박상혁의원 등 11인,박상혁,2026-02-26,정무위원회,소관위 심사중,,https://likms.assembly.go.kr/bill/billDetail.do?billId=PRC_U2V6T0T2C0A5A0Z9Z4X6Y5U0U9T8T2,중소기업인 수급사업자에게 단체 구성권을 부여하여 대기업 등 원사업자와 대등한 거래 관계를 만들 수 있게 하려 합니다.,2026-08-25 11:03
PRC_B2C6B0B2J0J5I0G9H4F6F0C7C4A5B3,2217043,하도급거래 공정화에 관한 법률 일부개정법률안,하도급법,박상혁의원 등 12인,박상혁,2026-02-25,정무위원회,소관위 심사중,,https://likms.assembly.go.kr/bill/billDetail.do?billId=PRC_B2C6B0B2J0J5I0G9H4F6F0C7C4A5B3,경미한 법 위반에 대한 제재를 과태료로 전환하고 지방정부에도 과태료 부과권을 위임하여 행정 편의를 높이려 합니다.,2026-08-25 11:03
PRC_L2M5L1L2J3K0F1E0F2D4D3C0D1K9L4,2215894,하도급거래 공정화에 관한 법률 일부개정법률안,하도급법,강준현의원 등 12인,강준현,2026-01-07,정무위원회,소관위 심사중,,https://likms.assembly.go.kr/bill/billDetail.do?billId=PRC_L2M5L1L2J3K0F1E0F2D4D3C0D1K9L4,수급사업자가 발주자에게 하도급대금 직접 지급을 쉽게 청구할 수 있도록 관련 정보를 요청할 권리를 부여하고 지급보증서 교부 의무를 명확히 하려 합니다.,2026-08-25 11:03
PRC_S2Q5O1P2L0L4J1K7J5J2H1I7P4O1P9,2215505,하도급거래 공정화에 관한 법률 일부개정법률안,하도급법,박범계의원 등 10인,박범계,2025-12-22,정무위원회,소관위 심사중,,https://likms.assembly.go.kr/bill/billDetail.do?billId=PRC_S2Q5O1P2L0L4J1K7J5J2H1I7P4O1P9,신속한 피해 구제를 위해 공정거래위원회가 직접 시정방안을 요구할 수 있는 근거를 마련하려 합니다.,2026-08-25 11:03
PRC_E2D5D1B1A2B6I1J8H0I3G5H5F3F0O9,2215148,하도급거래 공정화에 관한 법률 일부개정법률안,하도급법,이종배의원 등 10인,이종배,2025-12-11,정무위원회,소관위 심사중,,https://likms.assembly.go.kr/bill/billDetail.do?billId=PRC_E2D5D1B1A2B6I1J8H0I3G5H5F3F0O9,하도급대금 연동제 적용 대상에 에너지·운송·용수비용을 포함하고 미연동 합의 요건을 강화하여 제도의 실효성을 높이려 합니다.,2026-08-25 11:03
PRC_H2G5H0F9F2E9M1M6L1L7J3K6J0J3R3,2213437,하도급거래 공정화에 관한 법률 일부개정법률안,하도급법,이학영의원 등 11인,이학영,2025-10-01,정무위원회,소관위 심사중,,https://likms.assembly.go.kr/bill/billDetail.do?billId=PRC_H2G5H0F9F2E9M1M6L1L7J3K6J0J3R3,정당한 작업중지로 발생한 추가 비용에 대해 하도급대금 조정을 신청할 수 있게 하고 불이익을 금지하여 근로자 안전을 보장하려 합니다.,2026-08-25 11:03
PRC_V2U5T0R9Z1A2Z1Y1X3F8F1E8F7E0M4,2213018,하도급거래 공정화에 관한 법률 일부개정법률안,하도급법,이강일의원 등 12인,이강일,2025-09-16,정무위원회,소관위 심사중,,https://likms.assembly.go.kr/bill/billDetail.do?billId=PRC_V2U5T0R9Z1A2Z1Y1X3F8F1E8F7E0M4,국외사업자도 일정 요건하에 원사업자로 포함하고 국내대리인 지정 의무를 신설하여 국내 수급사업자를 두텁게 보호하려 합니다.,2026-08-25 11:03
PRC_K2L5J0J8I0I4Q1R6P0Q8O3O3N8N5W6,2212139,하도급거래 공정화에 관한 법률 일부개정법률안,하도급법,김남근의원 등 33인,김남근,2025-08-12,정무위원회,소관위 심사중,,https://likms.assembly.go.kr/bill/billDetail.do?billId=PRC_K2L5J0J8I0I4Q1R6P0Q8O3O3N8N5W6,기술탈취 소송에서 증거 확보의 어려움을 해결하기 위해 전문가 사실조사와 자료보전명령 등 입증 지원 제도를 도입하려 합니다.,2026-08-25 11:03
PRC_F2G5O0O7N2L3M1K5K3S9T5R4S5Q4R5,2212118,하도급거래 공정화에 관한 법률 일부개정법률안,하도급법,황운하의원 등 15인,황운하,2025-08-12,정무위원회,소관위 심사중,,https://likms.assembly.go.kr/bill/billDetail.do?billId=PRC_F2G5O0O7N2L3M1K5K3S9T5R4S5Q4R5,검찰 수사권 변화에 맞춰 공정거래위원회의 고발 및 고발 요청 대상 기관을 관할 수사기관의 장으로 넓히 려 합니다.,2026-08-25 11:03
PRC_C2D5K0L6K1K1I1J7H0I9Q1O0P1N0N5,2210871,하도급거래 공정화에 관한 법률 일부개정법률안,하도급법,김원이의원 등 13인,김원이,2025-06-16,정무위원회,소관위 심사중,,https://likms.assembly.go.kr/bill/billDetail.do?billId=PRC_C2D5K0L6K1K1I1J7H0I9Q1O0P1N0N5,납품대금 연동제를 회피하기 위한 쪼개기 계약이나 미연동 강요 등 탈법행위를 금지하여 제도의 악용을 막으려 합니다.,2026-08-25 11:03
PRC_Q2O5M0N4V2V8U1U9S4R7S2Z1A2Z5Z4,2210800,하도급거래 공정화에 관한 법률 일부개정법률안,하도급법,김종민의원 등 10인,김종민,2025-06-13,정무위원회,소관위 심사중,,https://likms.assembly.go.kr/bill/billDetail.do?billId=PRC_Q2O5M0N4V2V8U1U9S4R7S2Z1A2Z5Z4,계약 체결 전 단계에서 거래를 가장해 기술자료를 탈취하는 행위도 보호 대상에 포함하고 시정조치를 할 수 있게 하려 합니다.,2026-08-25 11:03
PRC_I2J5A0A4Y0Z7X1Y5G1G8F3F2D2E3C6,2210724,하도급거래 공정화에 관한 법률 일부개정법률안,하도급법,엄태영의원 등 10인,엄태영,2025-06-11,정무위원회,소관위 심사중,,https://likms.assembly.go.kr/bill/billDetail.do?billId=PRC_I2J5A0A4Y0Z7X1Y5G1G8F3F2D2E3C6,불공정한 하도급 계약으로 징수한 과징금을 모아 피해 중소기업을 신속하게 지원하기 위한 기금을 신설합니다.,2026-08-25 11:03
PRC_V2T5S0S4R0R8Z1A4Y5Z2X3W6W7E7F4,2209940,하도급거래 공정화에 관한 법률 일부개정법률안,하도급법,김동아의원 등 13인,김동아,2025-04-18,정무위원회,소관위 심사중,,https://likms.assembly.go.kr/bill/billDetail.do?billId=PRC_V2T5S0S4R0R8Z1A4Y5Z2X3W6W7E7F4,하도급 거래 실태 조사 때 납품대금 연동제가 실제로 잘 지켜지고 있는지 확인하는 항목을 추가합니다.,2026-08-25 11:03
PRC_Z2X5V0W4U1V4D0D8C5C9A4Z8A3H0I9,2209822,하도급거래 공정화에 관한 법률 일부개정법률안,하도급법,박홍배의원 등 14인,박홍배,2025-04-15,정무위원회,소관위 심사중,,https://likms.assembly.go.kr/bill/billDetail.do?billId=PRC_Z2X5V0W4U1V4D0D8C5C9A4Z8A3H0I9,국내 기업에 피해를 주는 일정 규모 이상의 외국 기업에도 국내 하도급법을 적용하여 우리 기업을 보호합니다.,2026-08-25 11:03
PRC_H2N5L0M3L2T4S1R0P5Q7Y0X2V8W7U1,2209581,하도급거래 공정화에 관한 법률 일부개정법률안,하도급법,문진석의원 등 11인,문진석,2025-04-03,정무위원회,소관위 심사중,,https://likms.assembly.go.kr/bill/billDetail.do?billId=PRC_H2N5L0M3L2T4S1R0P5Q7Y0X2V8W7U1,하도급 대금 조정을 막거나 임의로 발주량을 줄이는 등의 부당한 계약 조건을 법으로 금지합니다.,2026-08-25 11:03
ARC_D2L5R0Z1E1D5O1A1B0X2P5Z7E1S4O5,2207522,하도급거래 공정화에 관한 법률 일부개정법률안,하도급법,정부,,2025-01-15,정무위원회,소관위 심사중,,https://likms.assembly.go.kr/bill/billDetail.do?billId=ARC_D2L5R0Z1E1D5O1A1B0X2P5Z7E1S4O5,효율적인 행정을 위해 역할이 줄어든 상습법위반사업자명단공표심의위원회를 폐지하고 공정거래위원회가 그 업무를 맡습니다.,2026-08-25 11:03
PRC_H2F4F1B2C1A3Z1Z0X4Y5G3G4F4D0E1,2207163,하도급거래 공정화에 관한 법률 일부개정법률안,하도급법,민병덕의원 등 12인,민병덕,2024-12-31,정무위원회,소관위 심사중,,https://likms.assembly.go.kr/bill/billDetail.do?billId=PRC_H2F4F1B2C1A3Z1Z0X4Y5G3G4F4D0E1,원사업자가 대금을 제대로 주지 않으면 발주자가 수급사업자에게 하도급 대금을 직접 줄 수 있도록 요건을 완화합니다.,2026-08-25 11:03
PRC_A2Z4V1W0U2T5S0A9Z4Z7Y5X0F8E0C8,2205091,하도급거래 공정화에 관한 법률 일부개정법률안,하도급법,김정호의원 등 14인,김정호,2024-10-31,정무위원회,소관위 심사중,,https://likms.assembly.go.kr/bill/billDetail.do?billId=PRC_A2Z4V1W0U2T5S0A9Z4Z7Y5X0F8E0C8,"기술 탈취 소송에서 원사업자가 입증 책임을 지게 하고, 손해액 산정 시 전문 기관의 평가 결과를 반영하도록 합니다.",2026-08-25 11:03
PRC_V2W4U0T8T2I1I1H1I1G4G5F4N2N2M1,2205029,하도급거래 공정화에 관한 법률 일부개정법률안,하도급법,이인영의원 등 11인,이인영,2024-10-30,정무위원회,소관위 심사중,,https://likms.assembly.go.kr/bill/billDetail.do?billId=PRC_V2W4U0T8T2I1I1H1I1G4G5F4N2N2M1,원자재뿐만 아니라 노무비가 오를 때도 하도급대금을 조정할 수 있도록 하여 중소기업의 부담을 덜어줍니다.,2026-08-25 11:03
PRC_Z2Y4C0B9J3I0G0F7G4O5N0L9K5K2S5,2204649,하도급거래 공정화에 관한 법률 일부개정법률안,하도급법,민병덕의원 등 11인,민병덕,2024-10-11,정무위원회,소관위 심사중,,https://likms.assembly.go.kr/bill/billDetail.do?billId=PRC_Z2Y4C0B9J3I0G0F7G4O5N0L9K5K2S5,공공 분야 건설 공사에서는 불공정 거래를 막기 위해 표준하도급계약서 사용을 의무화합니다.,2026-08-25 11:03
PRC_W2W4U0V8D2B8C1A4A1Z7A4I6I6G9H2,2204032,하도급거래 공정화에 관한 법률 일부개정법률안,하도급법,김동아의원 등 11인,김동아,2024-09-13,정무위원회,소관위 심사중,,https://likms.assembly.go.kr/bill/billDetail.do?billId=PRC_W2W4U0V8D2B8C1A4A1Z7A4I6I6G9H2,부당한 하도급 거래에 고의성이 인정될 경우 손해액의 최대 5배까지 배상하게 하여 처벌의 실효성을 높입니다.,2026-08-25 11:03
PRC_A2Y4Z0X8Y2U8S1S5R3S9Q5Q9Z3X9X8,2203498,하도급거래 공정화에 관한 법률 일부개정법률안,하도급법,김상훈의원 등 11인,김상훈,2024-09-02,정무위원회,소관위 심사중,,https://likms.assembly.go.kr/bill/billDetail.do?billId=PRC_A2Y4Z0X8Y2U8S1S5R3S9Q5Q9Z3X9X8,공정거래위원회의 제재가 끝난 사건도 신속한 피해 구제를 위해 분쟁조정 대상에 포함시킵니다.,2026-08-25 11:03
PRC_P2P4O0O7N1N6C2B1B3Z6A5Z0Z2H4F1,2202263,하도급거래 공정화에 관한 법률 일부개정법률안,하도급법,정준호의원 등 10인,정준호,2024-07-26,정무위원회,소관위 심사중,,https://likms.assembly.go.kr/bill/billDetail.do?billId=PRC_P2P4O0O7N1N6C2B1B3Z6A5Z0Z2H4F1,하도급법상 대기업 규제 대상을 상호출자제한기업집단에서 공시대상기업집단으로 확대하여 공정한 거래를 유도합니다.,2026-08-25 11:03
PRC_E2E4C0D7C1C5K0I8J5H2I1G8O0P3N7,2201818,하도급거래 공정화에 관한 법률 일부개정법률안,하도급법,채현일의원 등 28인,채현일,2024-07-17,정무위원회,소관위 심사중,,https://likms.assembly.go.kr/bill/billDetail.do?billId=PRC_E2E4C0D7C1C5K0I8J5H2I1G8O0P3N7,법을 위반한 회사가 회사를 쪼개거나 합쳐도 시정조치 책임을 피할 수 없도록 승계 규정을 마련합니다.,2026-08-25 11:03
PRC_P2O4M0E5D3L1K1J6H2I5R4P6S5R9P7,2201300,하도급거래 공정화에 관한 법률 일부개정법률안,하도급법,이학영의원 등 11인,이학영,2024-07-02,정무위원회,소관위 심사중,,https://likms.assembly.go.kr/bill/billDetail.do?billId=PRC_P2O4M0E5D3L1K1J6H2I5R4P6S5R9P7,민간 건설 공사에서도 하도급 대금과 임금이 체불되지 않도록 대금지급 확인시스템 구축 등을 의무화합니다.,2026-08-25 11:03
PRC_F2D4C0C6A1B3J1K1I3I9H5E3E1D6D5,2200576,하도급거래 공정화에 관한 법률 일부개정법률안,하도급법,박정의원 등 14인,박정,2024-06-18,정무위원회,소관위 심사중,,https://likms.assembly.go.kr/bill/billDetail.do?billId=PRC_F2D4C0C6A1B3J1K1I3I9H5E3E1D6D5,지방에 있는 기업도 쉽게 분쟁을 해결할 수 있도록 광역자치단체에도 하도급 분쟁조정협의회를 설치합니다.,2026-08-25 11:03
PRC_Z2X4Y0W6X1V1V1R6Q1Q2O4P2N6O3W2,2200419,하도급거래 공정화에 관한 법률 일부개정법률안,하도급법,김정호의원 등 13인,김정호,2024-06-13,정무위원회,소관위 심사중,,https://likms.assembly.go.kr/bill/billDetail.do?billId=PRC_Z2X4Y0W6X1V1V1R6Q1Q2O4P2N6O3W2,국외에서 이루어진 행이라도 국내 시장에 나쁜 영향을 미치면 하도급법을 적용할 수 있도록 근거를 신설합니다.,2026-08-25 11:03
PRC_B2C6K0K7I0H1H1F1H1V6W2U5T6T5R5,2219718,가맹사업거래의 공정화에 관한 법률 일부개정법률안,가맹사업법,이강일의원 등 15인,이강일,2026-07-03,정무위원회,소관위 심사중,,https://likms.assembly.go.kr/bill/billDetail.do?billId=PRC_B2C6K0K7I0H1H1F1H1V6W2U5T6T5R5,가맹본부가 정보공개서를 주기도 전에 임대차나 인테리어 계약을 먼저 강요하지 못하도록 금지합니다.,2026-08-25 11:03
PRC_I2G6G0F7G0E1M1M1L1M5K3K6J4Y9Y0,2219700,가맹사업거래의 공정화에 관한 법률 일부개정법률안,가맹사업법,이강일의원 등 13인,이강일,2026-07-02,정무위원회,소관위 심사중,,https://likms.assembly.go.kr/bill/billDetail.do?billId=PRC_I2G6G0F7G0E1M1M1L1M5K3K6J4Y9Y0,가맹 계약 전 예상매출액 산정서를 미리 제공하고 상세한 산출 근거를 설명하도록 의무화합니다.,2026-08-25 11:03
PRC_Z2X6W0X6E1F2D1E7C1D5B4C3Y3W0W8,2219375,가맹사업거래의 공정화에 관한 법률 일부개정법률안,가맹사업법,김남근의원 등 22인,김남근,2026-06-19,정무위원회,소관위 심사중,,https://likms.assembly.go.kr/bill/billDetail.do?billId=PRC_Z2X6W0X6E1F2D1E7C1D5B4C3Y3W0W8,가맹본부의 고의적인 불법행위에 대해 원칙적으로 손해액의 3배를 배상하도록 징벌적 손해배상 제도를 강화합니다.,2026-08-25 11:03
PRC_J2J5H0J8H2H6D1B5C4B6B4Z9A1I0G2,2219132,가맹사업거래의 공정화에 관한 법률 일부개정법률안,가맹사업법,이준석의원 등 10인,이준석,2026-06-08,정무위원회,소관위 심사중,,https://likms.assembly.go.kr/bill/billDetail.do?billId=PRC_J2J5H0J8H2H6D1B5C4B6B4Z9A1I0G2,가맹점주의 경영 악화로 인한 폐업 시 가맹본부가 보상금을 지급하도록 하는 폐업보상 책임제를 도입합니다.,2026-08-25 11:03
PRC_S2T6R0S4Q0Y6Z1X0X5W8X2V1D1D0C7,2218241,가맹사업거래의 공정화에 관한 법률 일부개정법률안,가맹사업법,윤한홍의원 등 11인,윤한홍,2026-04-10,정무위원회,소관위 심사중,,https://likms.assembly.go.kr/bill/billDetail.do?billId=PRC_S2T6R0S4Q0Y6Z1X0X5W8X2V1D1D0C7,정보공개서 제공 관련 단순 절차 위반에 대해 과도한 형벌 대신 과태료를 부과하여 가맹본부의 규제 부담을 줄여줍니다.,2026-08-25 11:03
PRC_I2G6E0F3N0O9M1N3L5L3J3S1S6Q7R7,2217569,가맹사업거래의 공정화에 관한 법률 일부개정법률안,가맹사업법,허영의원 등 14인,허영,2026-03-18,정무위원회,소관위 심사중,,https://likms.assembly.go.kr/bill/billDetail.do?billId=PRC_I2G6E0F3N0O9M1N3L5L3J3S1S6Q7R7,공정거래위원회의 조사에 불응하는 가맹본부에 대해 과징금이나 이행강제금 등의 경제적 제재를 강화하여 조사의 실효성을 높입니다.,2026-08-25 11:03
PRC_N2N6M0N2U2V5T1S0S4R6R1H5H3G9H9,2217183,가맹사업거래의 공정화에 관한 법률 일부개정법률안,가맹사업법,허영의원 등 10인,허영,2026-03-03,정무위원회,소관위 심사중,,https://likms.assembly.go.kr/bill/billDetail.do?billId=PRC_N2N6M0N2U2V5T1S0S4R6R1H5H3G9H9,정보공개서 미제공이나 숙고기간 미준수 시 곧바로 형사처벌하던 것을 먼저 시정명령과 과징금을 부과한 뒤 불응할 때만 처벌하도록 바꿉니다.,2026-08-25 11:03
PRC_D2B6C0A2B2W5X1V0W4U8U5T2B3B0A7,2217172,가맹사업거래의 공정화에 관한 법률 일부개정법률안,가맹사업법,허영의원 등 10인,허영,2026-02-27,정무위원회,소관위 심사중,,https://likms.assembly.go.kr/bill/billDetail.do?billId=PRC_D2B6C0A2B2W5X1V0W4U8U5T2B3B0A7,불공정거래행위에 대한 정액과징금 상한액을 5억원에서 10억원으로 높여 법 위반 억제력을 강화합니다.,2026-08-25 11:03
PRC_Q2Q6Y0Y2X0Y9W1W6V0D7D3C4C9A5B2,2217131,가맹사업거래의 공정화에 관한 법률 일부개정법률안,가맹사업법,최혁진의원 등 10인,최혁진,2026-02-27,정무위원회,소관위 심사중,,https://likms.assembly.go.kr/bill/billDetail.do?billId=PRC_Q2Q6Y0Y2X0Y9W1W6V0D7D3C4C9A5B2,"가맹점주가 책임 없는 사유로 경영 악화를 겪을 경우 계약 해지를 요구할 수 있게 하고, 원칙적으로 위약금 청구를 금지합니다.",2026-08-25 11:03
PRC_R2Z6A0Y2Y1W2V1W0D3E6C1D5B4C1A9,2216841,가맹사업거래의 공정화에 관한 법률 일부개정법률안,가맹사업법,이정문의원 등 12인,이정문,2026-02-12,정무위원회,소관위 심사중,,https://likms.assembly.go.kr/bill/billDetail.do?billId=PRC_R2Z6A0Y2Y1W2V1W0D3E6C1D5B4C1A9,가맹점주가 가맹본부의 불법 행위에 대해 직접 피해를 막기 위한 금지청구 소송을 할 수 있도록 법적 근거를 신설합니다.,2026-08-25 11:03
PRC_Y2Z6H0F1G2E7E1C4E5L7M2K8L9J6H5,2216393,가맹사업거래의 공정화에 관한 법률 일부개정법률안,가맹사업법,민형배의원 등 10인,민형배,2026-01-28,정무위원회,소관위 심사중,,https://likms.assembly.go.kr/bill/billDetail.do?billId=PRC_Y2Z6H0F1G2E7E1C4E5L7M2K8L9J6H5,손해배상 소송 시 피해자가 증거를 쉽게 확보할 수 있도록 공정거래법상의 자료제출명령 제도를 가맹사업법에도 도입합니다.,2026-08-25 11:03
PRC_Z2A6Y0X1X1N5O1M0M0K0M2K6K1S6T0,2216112,가맹사업거래의 공정화에 관한 법률 일부개정법률안,가맹사업법,윤한홍의원 등 11인,윤한홍,2026-01-16,정무위원회,소관위 심사중,,https://likms.assembly.go.kr/bill/billDetail.do?billId=PRC_Z2A6Y0X1X1N5O1M0M0K0M2K6K1S6T0,가맹점주단체와의 협의 의무를 정할 때 가맹본부의 매출액이나 가맹점 수 등 규모도 고려하여 소상공인의 부담을 덜어줍니다.,2026-08-25 11:03
PRC_P2P6Y0Y1W0X8V1W5U4C5D4B8B8A0A7,2215987,가맹사업거래의 공정화에 관한 법률 일부개정법률안,가맹사업법,김남근의원 등 18인,김남근,2026-01-12,정무위원회,소관위 심사중,,https://likms.assembly.go.kr/bill/billDetail.do?billId=PRC_P2P6Y0Y1W0X8V1W5U4C5D4B8B8A0A7,"정보공개서 사전심사제를 공시제로 바꿔 최신 정보를 빠르게 제공하고, 업종 변경 시에도 직영점 운영 의무를 적용해 규제 회피를 막습니다.",2026-08-25 11:03
PRC_B2A5W1W2U3V0T1U4S5T9B0B6Z0Y9Y7,2215826,가맹사업거래의 공정화에 관한 법률 일부개정법률안,가맹사업법,이정문의원 등 10인,이정문,2025-12-31,정무위원회,소관위 심사중,,https://likms.assembly.go.kr/bill/billDetail.do?billId=PRC_B2A5W1W2U3V0T1U4S5T9B0B6Z0Y9Y7,"정보공개서 등록 방식을 사전승인에서 사후승인으로 개편하고, 업종 변경 시에도 직영점 1년 의무 운영 규정을 적용합니다.",2026-08-25 11:03
PRC_Z2X5Y1G2E0F4D1D7B5D5Y3Z1X4X1W2,2215503,가맹사업거래의 공정화에 관한 법률 일부개정법률안,가맹사업법,박범계의원 등 10인,박범계,2025-12-22,정무위원회,소관위 심사중,,https://likms.assembly.go.kr/bill/billDetail.do?billId=PRC_Z2X5Y1G2E0F4D1D7B5D5Y3Z1X4X1W2,"공정거래위원회가 직접 피해 시정방안을 요구할 수 있게 하고, 동의의결 제도를 남용하면 과징금을 더 부과합니다.",2026-08-25 11:03
PRC_P2Q5O1P1N0N7V1U6U5S3T0R9S2O0O4,2215270,가맹사업거래의 공정화에 관한 법률 일부개정법률안,가맹사업법,김종민의원 등 10인,김종민,2025-12-16,정무위원회,소관위 심사중,,https://likms.assembly.go.kr/bill/billDetail.do?billId=PRC_P2Q5O1P1N0N7V1U6U5S3T0R9S2O0O4,이미 가맹점이 개설되어 영업 중이거나 피해보상보험에 가입한 경우 가맹금 예치 의무를 면제해 불필요한 행정적 부담을 줄입니다.,2026-08-25 11:03
PRC_M2M5U1U1T2R8S1Q4Q3M1N2L9M1K3J8,2215177,가맹사업거래의 공정화에 관한 법률 일부개정법률안,가맹사업법,이정문의원 등 15인,이정문,2025-12-11,정무위원회,소관위 심사중,,https://likms.assembly.go.kr/bill/billDetail.do?billId=PRC_M2M5U1U1T2R8S1Q4Q3M1N2L9M1K3J8,가맹본부가 온라인에서 할인된 가격으로 직접 상품을 팔아 점주의 영업권을 침해할 경우 상생 대책을 마련하도록 합니다.,2026-08-25 11:03
PRC_X2V5T1U1C2C7A1B1Z1A7Y2Z3H5H8F9,2215027,가맹사업거래의 공정화에 관한 법률 일부개정법률안,가맹사업법,박성훈의원 등 11인,박성훈,2025-12-09,정무위원회,소관위 심사중,,https://likms.assembly.go.kr/bill/billDetail.do?billId=PRC_X2V5T1U1C2C7A1B1Z1A7Y2Z3H5H8F9,"가맹점주단체의 대표성을 높이기 위해 등록제를 도입하고, 본부가 단체 구성원 명부를 열람할 수 있게 하여 투명한 협상을 돕습니다.",2026-08-25 11:03
PRC_C2Y5Y1W1X0W4W1U3V3D0B2C3A3B1Z5,2214336,가맹사업거래의 공정화에 관한 법률 일부개정법률안,가맹사업법,이강일의원 등 16인,이강일,2025-11-18,정무위원회,소관위 심사중,,https://likms.assembly.go.kr/bill/billDetail.do?billId=PRC_C2Y5Y1W1X0W4W1U3V3D0B2C3A3B1Z5,"가맹사업이 아님에도 유사 명칭을 쓰는 것을 금지하고, 분쟁 발생 시 신속한 조사를 위해 협의체에서 직권으로 조정할 수 있게 합니다.",2026-08-25 11:03
PRC_O2O5N1O1M0M4K1T3T3R1S3Q5R3P4Q5,2214304,가맹사업거래의 공정화에 관한 법률 일부개정법률안,가맹사업법,이강일의원 등 15인,이강일,2025-11-17,정무위원회,소관위 심사중,,https://likms.assembly.go.kr/bill/billDetail.do?billId=PRC_O2O5N1O1M0M4K1T3T3R1S3Q5R3P4Q5,영업 통제 요건이 부족해 기존 가맹사업법의 보호를 받지 못했던 사업들을 '관리형 가맹사업'으로 정의해 기본적인 보호 장치를 마련합니다.,2026-08-25 11:03
PRC_E2F5N1N1L0M4L1J3J3F2F2E6F7D1D1,2214260,가맹사업거래의 공정화에 관한 법률 일부개정법률안,가맹사업법,이강일의원 등 16인,이강일,2025-11-14,정무위원회,소관위 심사중,,https://likms.assembly.go.kr/bill/billDetail.do?billId=PRC_E2F5N1N1L0M4L1J3J3F2F2E6F7D1D1,가맹점주가 불가피하게 영업을 지속하기 어려울 때 과도한 위약금 부담 없이 계약을 해지할 수 있는 기준을 마련합니다.,2026-08-25 11:03
PRC_V2U5S1T1R0S7N1O6N4L1L4K7L8S5R7,2214142,가맹사업거래의 공정화에 관한 법률 일부개정법률안,가맹사업법,박상혁의원 등 11인,박상혁,2025-11-12,정무위원회,소관위 심사중,,https://likms.assembly.go.kr/bill/billDetail.do?billId=PRC_V2U5S1T1R0S7N1O6N4L1L4K7L8S5R7,실제 가맹사업이 아니면서 가맹본부인 것처럼 속여 계약을 모집하는 행위를 금지하여 피해를 예방합니다.,2026-08-25 11:03
PRC_X2X5V1W1E0F3D1D7B2A0B4I9J4H0I6,2214110,가맹사업거래의 공정화에 관한 법률 일부개정법률안,가맹사업법,오세희의원 등 10인,오세희,2025-11-11,정무위원회,소관위 심사중,,https://likms.assembly.go.kr/bill/billDetail.do?billId=PRC_X2X5V1W1E0F3D1D7B2A0B4I9J4H0I6,가맹점주가 자신의 책임 없이 적자가 누적되는 등 영업을 계속하기 어려울 때 계약 해지를 요청할 수 있는 권리를 보장합니다.,2026-08-25 11:03
PRC_O2W5X1V0V1U5S1T6A4B6A4A7Y2Z9X5,2213631,가맹사업거래의 공정화에 관한 법률 일부개정법률안,가맹사업법,박상혁의원 등 10인,박상혁,2025-10-17,정무위원회,소관위 심사중,,https://likms.assembly.go.kr/bill/billDetail.do?billId=PRC_O2W5X1V0V1U5S1T6A4B6A4A7Y2Z9X5,"정보공개서 등록 후 업종을 변경할 때도 직영점 운영 의무를 적용하고, 일정 기간 사업을 안 하면 등록을 취소해 무분별한 난립을 막습니다.",2026-08-25 11:03
PRC_F2F5B0Y8X1G1C1C0L3H6Y1X6E2D6C7,2213029,가맹사업거래의 공정화에 관한 법률 일부개정법률안,가맹사업법,안철수의원 등 10인,안철수,2025-09-16,정무위원회,소관위 심사중,,https://likms.assembly.go.kr/bill/billDetail.do?billId=PRC_F2F5B0Y8X1G1C1C0L3H6Y1X6E2D6C7,"가맹희망자가 최신 정보공개서를 제때 볼 수 있도록, 가맹본부가 사전에 공개한 뒤 공정거래위원회가 사후에 검증하도록 바꿉니다.",2026-08-25 11:03
PRC_C2B5A0I9J1H2G1F1N3M4K0J9K8S9R6,2213019,가맹사업거래의 공정화에 관한 법률 일부개정법률안,가맹사업법,이강일의원 등 10인,이강일,2025-09-16,정무위원회,소관위 심사중,,https://likms.assembly.go.kr/bill/billDetail.do?billId=PRC_C2B5A0I9J1H2G1F1N3M4K0J9K8S9R6,프랜차이즈 본사 임원의 잘못으로 가맹점에 피해가 생겼을 때 실질적인 손해배상을 받을 수 있도록 계약서에 기준을 명시하게 합니다.,2026-08-25 11:03
PRC_S2A5Z0Z8Y2W0F0D9E3J5F0D6C7C1B8,2212623,가맹사업거래의 공정화에 관한 법률 일부개정법률안,가맹사업법,윤준병의원 등 10인,윤준병,2025-09-03,정무위원회,소관위 심사중,,https://likms.assembly.go.kr/bill/billDetail.do?billId=PRC_S2A5Z0Z8Y2W0F0D9E3J5F0D6C7C1B8,가맹점주의 이익이 침해당할 우려가 있을 때 법원에 바로 위법행위 금지를 청구할 수 있는 제도를 도입합니다.,2026-08-25 11:03
PRC_D2B5C0B7B2J3J1I5G3H7F1G9N3O9N0,2212115,가맹사업거래의 공정화에 관한 법률 일부개정법률안,가맹사업법,황운하의원 등 14인,황운하,2025-08-12,정무위원회,소관위 심사중,,https://likms.assembly.go.kr/bill/billDetail.do?billId=PRC_D2B5C0B7B2J3J1I5G3H7F1G9N3O9N0,검찰 수사권 변화에 맞춰 공정거래위원회의 고발 요청 대상을 검찰총장에서 관할 수사기관의 장으로 넓힙니다.,2026-08-25 11:03
PRC_D2E5M0M6L1L1J1K4J2Q2R3P4Q6O0P6,2210768,가맹사업거래의 공정화에 관한 법률 일부개정법률안,가맹사업법,박정훈의원 등 10인,박정훈,2025-06-12,정무위원회,소관위 심사중,,https://likms.assembly.go.kr/bill/billDetail.do?billId=PRC_D2E5M0M6L1L1J1K4J2Q2R3P4Q6O0P6,"대형 가맹본부가 새 사업을 시작할 때 직영점을 3개 이상 운영하게 하고, 점주에게 매년 예상매출액을 서면으로 주게 합니다.",2026-08-25 11:03
PRC_M2A5B0Z4A2Y3Z1X7F1G1E2F9D4E5C3,2210132,가맹사업거래의 공정화에 관한 법률 일부개정법률안,가맹사업법,이강일의원 등 13인,이강일,2025-04-25,정무위원회,소관위 심사중,,https://likms.assembly.go.kr/bill/billDetail.do?billId=PRC_M2A5B0Z4A2Y3Z1X7F1G1E2F9D4E5C3,"필수물품의 개념을 명확히 하고 부당한 강요를 금지하며, 온라인 판매로 인한 영업지역 침해를 막습니다.",2026-08-25 11:03
PRC_T2S5Q0Y3Z2A0Z1X5W1E8E3D1C4A7I8,2209692,가맹사업거래의 공정화에 관한 법률 일부개정법률안,가맹사업법,정일영의원 등 12인,정일영,2025-04-10,정무위원회,소관위 심사중,,https://likms.assembly.go.kr/bill/billDetail.do?billId=PRC_T2S5Q0Y3Z2A0Z1X5W1E8E3D1C4A7I8,"정보공개서 사전 공개 제도를 도입하고, 과도한 광고비 전가를 금지하며, 점주단체 협의에 불응하면 제재합니다.",2026-08-25 11:03
PRC_Z2A5Y0Y1X1V4D1C4A4B0J5J0H2G4H6,2207513,가맹사업거래의 공정화에 관한 법률 일부개정법률안,가맹사업법,허영의원 등 11인,허영,2025-01-15,정무위원회,소관위 심사중,,https://likms.assembly.go.kr/bill/billDetail.do?billId=PRC_Z2A5Y0Y1X1V4D1C4A4B0J5J0H2G4H6,가맹점주가 손해배상 소송에서 증거를 쉽게 확보할 수 있도록 법원의 자료제출명령 제도를 도입합니다.,2026-08-25 11:03
PRC_X2W4X1F0E0C3D1C2K0J1H1I7G9O2N4,2207057,가맹사업거래의 공정화에 관한 법률 일부개정법률안,가맹사업법,김현정의원 등 10인,김현정,2024-12-30,정무위원회,소관위 심사중,,https://likms.assembly.go.kr/bill/billDetail.do?billId=PRC_X2W4X1F0E0C3D1C2K0J1H1I7G9O2N4,파산선고를 받았다는 이유로 가맹거래사 결격사유에 포함시켜 차별하던 조항을 삭제합니다.,2026-08-25 11:03
PRC_P2P4O0N5L3U1S1T6A1Z9X3G8E4D3C5,2206847,가맹사업거래의 공정화에 관한 법률 일부개정법률안,가맹사업법,이학영의원 등 10인,이학영,2024-12-23,정무위원회,소관위 심사중,,https://likms.assembly.go.kr/bill/billDetail.do?billId=PRC_P2P4O0N5L3U1S1T6A1Z9X3G8E4D3C5,가맹본부가 점주의 영업지역 내에 경쟁 상품을 파는 대리점 등을 설치하는 것을 금지합니다.,2026-08-25 11:03
PRC_X2E4D0C9D2B7X1W0X4V9U1C4D2B3A0,2205255,가맹사업거래의 공정화에 관한 법률 일부개정법률안,가맹사업법,유영하의원 등 11인,유영하,2024-11-05,정무위원회,소관위 심사중,,https://likms.assembly.go.kr/bill/billDetail.do?billId=PRC_X2E4D0C9D2B7X1W0X4V9U1C4D2B3A0,소송 시 증거 확보가 어려운 가맹점주를 위해 자료제출명령과 비밀유지명령 제도를 도입합니다.,2026-08-25 11:03
PRC_Y2Z4X1V0D1E0D1C8A5J9H4I8H0F9N2,2204679,가맹사업거래의 공정화에 관한 법률 일부개정법률안,가맹사업법,김남근의원 등 24인,김남근,2024-10-14,정무위원회,소관위 심사중,,https://likms.assembly.go.kr/bill/billDetail.do?billId=PRC_Y2Z4X1V0D1E0D1C8A5J9H4I8H0F9N2,"시대 변화에 맞춰 가맹사업 정의의 '통제'를 '관리'로 바꾸고, 가맹금의 범위를 경제적 이익까지 넓힙니다.",2026-08-25 11:03
PRC_C2Z4H0H7N1M8L1K0Q0P4O4X9U5T0Q2,2203829,가맹사업거래의 공정화에 관한 법률 일부개정법률안,가맹사업법,김한규의원 등 14인,김한규,2024-09-10,정무위원회,소관위 심사중,,https://likms.assembly.go.kr/bill/billDetail.do?billId=PRC_C2Z4H0H7N1M8L1K0Q0P4O4X9U5T0Q2,가맹점주가 단체 활동을 했다는 이유로 본사가 보복하는 행위를 금지합니다.,2026-08-25 11:03
PRC_M2L4K0T7P1O8X1W0V0K4T2Q8P8X8W5,2203782,가맹사업거래의 공정화에 관한 법률 일부개정법률안,가맹사업법,김한규의원 등 13인,김한규,2024-09-09,정무위원회,소관위 심사중,,https://likms.assembly.go.kr/bill/billDetail.do?billId=PRC_M2L4K0T7P1O8X1W0V0K4T2Q8P8X8W5,가맹본부가 지위를 남용해 가맹지역본부에 불공정행위를 하는 것을 금지합니다.,2026-08-25 11:03
PRC_Q2N4M0V7B1A8Z1Y0U0T4Q0Z7Y1H3G2,2203728,가맹사업거래의 공정화에 관한 법률 일부개정법률안,가맹사업법,김한규의원 등 14인,김한규,2024-09-06,정무위원회,소관위 심사중,,https://likms.assembly.go.kr/bill/billDetail.do?billId=PRC_Q2N4M0V7B1A8Z1Y0U0T4Q0Z7Y1H3G2,가맹점주가 질병 등 불가피한 사유 외에도 휴식권을 위해 영업시간 단축을 더 쉽게 요구할 수 있게 합니다.,2026-08-25 11:03
PRC_Z2G4F0M7L1K8J1P0O0O3T4S8R2Y5X4,2203665,가맹사업거래의 공정화에 관한 법률 일부개정법률안,가맹사업법,김한규의원 등 13인,김한규,2024-09-05,정무위원회,소관위 심사중,,https://likms.assembly.go.kr/bill/billDetail.do?billId=PRC_Z2G4F0M7L1K8J1P0O0O3T4S8R2Y5X4,가맹희망자가 본부의 유통마진인 차액가맹금 정보를 미리 알 수 있도록 정보공개서 공개 대상에 포함시킵니다.,2026-08-25 11:03
PRC_S2R4A0Z7Y1E8D1H0E0D3L2K7K0I1E3,2203612,가맹사업거래의 공정화에 관한 법률 일부개정법률안,가맹사업법,김한규의원 등 12인,김한규,2024-09-04,정무위원회,소관위 심사중,,https://likms.assembly.go.kr/bill/billDetail.do?billId=PRC_S2R4A0Z7Y1E8D1H0E0D3L2K7K0I1E3,10년이 지난 가맹점주도 계약갱신요구권을 계속 행사할 수 있도록 기한을 없앱니다.,2026-08-25 11:03
PRC_Q2Q4O0P8N1O9W1W0V5T4U2S9T0B6B9,2203059,가맹사업거래의 공정화에 관한 법률 일부개정법률안,가맹사업법,윤후덕의원 등 15인,윤후덕,2024-08-21,정무위원회,소관위 심사중,,https://likms.assembly.go.kr/bill/billDetail.do?billId=PRC_Q2Q4O0P8N1O9W1W0V5T4U2S9T0B6B9,분쟁조정협의회 보궐위원의 임기를 새로 시작하게 하여 업무의 연속성과 효율성을 높입니다.,2026-08-25 11:03
PRC_I2J4I0I7H0F1F1B2C0A4B1Z3X5Y5G9,2201560,가맹사업거래의 공정화에 관한 법률 일부개정법률안,가맹사업법,이강일의원 등 17인,이강일,2024-07-10,정무위원회,소관위 심사중,,https://likms.assembly.go.kr/bill/billDetail.do?billId=PRC_I2J4I0I7H0F1F1B2C0A4B1Z3X5Y5G9,"가맹지역본부 보호, 광고비 사전동의, 계약갱신 기한 폐지 등을 통해 가맹점주의 권익을 강화합니다.",2026-08-25 11:03
PRC_N2U4W0D6A1J9H1O8L0G5E2P6M1T5R5,2201030,가맹사업거래의 공정화에 관한 법률 일부개정법률안,가맹사업법,문진석의원 등 10인,문진석,2024-06-27,정무위원회,소관위 심사중,,https://likms.assembly.go.kr/bill/billDetail.do?billId=PRC_N2U4W0D6A1J9H1O8L0G5E2P6M1T5R5,"가맹점주 단체 등록제를 도입하고, 가맹지역본부도 불공정행위로부터 보호받을 수 있게 합니다.",2026-08-25 11:03
PRC_Y2Z4H0F5E3D1E1M6L2J0N4M8K2S3T2,2200869,가맹사업거래의 공정화에 관한 법률 일부개정법률안,가맹사업법,이학영의원 등 10인,이학영,2024-06-24,정무위원회,소관위 심사중,,https://likms.assembly.go.kr/bill/billDetail.do?billId=PRC_Y2Z4H0F5E3D1E1M6L2J0N4M8K2S3T2,"가맹점의 안정적인 영업을 위해 계약갱신요구권의 10년 제한을 없애고, 가맹점자연단체의 신고제 도입과 부당한 계약 해지에 대한 처벌을 강화합니다.",2026-08-25 11:03
PRC_F2F4E0C6D1B2C1J0K3I9J4H1G2G5O0,2200689,가맹사업거래의 공정화에 관한 법률 일부개정법률안,가맹사업법,김한규의원 등 10인,김한규,2024-06-20,정무위원회,소관위 심사중,,https://likms.assembly.go.kr/bill/billDetail.do?billId=PRC_F2F4E0C6D1B2C1J0K3I9J4H1G2G5O0,가맹점사업자단체의 정당한 거래조건 협의 요청을 가맹본부가 거부하지 못하도록 등록제를 도입하고 제재 근거를 마련합니다.,2026-08-25 11:03
PRC_P2O4W0W6U1V0U0U8S5T2B0Z7A9Y9Z1,2200309,가맹사업거래의 공정화에 관한 법률 일부개정법률안,가맹사업법,한병도의원 등 10인,한병도,2024-06-11,정무위원회,소관위 심사중,,https://likms.assembly.go.kr/bill/billDetail.do?billId=PRC_P2O4W0W6U1V0U0U8S5T2B0Z7A9Y9Z1,"가맹점주의 권익을 보호하기 위해 계약갱신 10년 제한을 없애고, 배달비를 가맹금 범위에서 제외하며 필수물품 강요와 과도한 판촉비 전가를 금지합니다.",2026-08-25 11:03
PRC_K2J4H0G6C0C4B1Z6H4H9F1O9N3M1K0,2200243,가맹사업거래의 공정화에 관한 법률 일부개정법률안,가맹사업법,민형배의원 등 12인,민형배,2024-06-10,정무위원회,소관위 심사중,,https://likms.assembly.go.kr/bill/billDetail.do?billId=PRC_K2J4H0G6C0C4B1Z6H4H9F1O9N3M1K0,가맹점사업자단체의 거래조건 협의 요청에 대해 가맹본부가 정당한 이유 없이 거부하지 못하도록 하고 위반 시 제재할 수 있는 근거를 신설합니다.,2026-08-25 11:03
PRC_J2K6I0H7H2F9G1G3E4F3D3E4L2K9L1,2220449,대규모유통업에서의 거래 공정화에 관한 법률 일부개정법률안,대규모유통업법,최기상의원 등 10인,최기상,2026-08-05,정무위원회,소관위 심사중,,https://likms.assembly.go.kr/bill/billDetail.do?billId=PRC_J2K6I0H7H2F9G1G3E4F3D3E4L2K9L1,대규모유통업자가 납품업자에게 상품 대금을 더 빨리 지급하도록 지급기한을 대폭 단축하여 납품업자의 자금 안정성을 높입니다.,2026-08-25 11:03
PRC_N2L6M0U7S1T6R1R5Q1R9M2N6L3K7K4,2220027,대규모유통업에서의 거래 공정화에 관한 법률 일부개정법률안,대규모유통업법,임이자의원 등 13인,임이자,2026-07-20,정무위원회,소관위 심사중,,https://likms.assembly.go.kr/bill/billDetail.do?billId=PRC_N2L6M0U7S1T6R1R5Q1R9M2N6L3K7K4,영세 납품업자의 경영 악화를 막기 위해 대규모유통업자의 납품 대금 지급기한을 단축하고 대금 일부를 별도 관리하도록 합니다.,2026-08-25 11:03
PRC_A2I6J0H6G1G8E1G8N2M5M5K4L1K0K1,2219520,대규모유통업에서의 거래 공정화에 관한 법률 일부개정법률안,대규모유통업법,김승원의원 등 10인,김승원,2026-06-26,정무위원회,소관위 심사중,,https://likms.assembly.go.kr/bill/billDetail.do?billId=PRC_A2I6J0H6G1G8E1G8N2M5M5K4L1K0K1,소상공인과 중소기업의 자금난을 해소하기 위해 대규모유통업자가 소규모 납품업자에게 상품 대금을 훨씬 빠른 기한 내에 지급하도록 합니다.,2026-08-25 11:03
PRC_B2A6Y0H6I1G2F1D7E1M6L3K6I0J2R5,2219382,대규모유통업에서의 거래 공정화에 관한 법률 일부개정법률안,대규모유통업법,김남근의원 등 22인,김남근,2026-06-19,정무위원회,소관위 심사중,,https://likms.assembly.go.kr/bill/billDetail.do?billId=PRC_B2A6Y0H6I1G2F1D7E1M6L3K6I0J2R5,대규모유통업자의 고의적인 불법행위를 막기 위해 징벌적 손해배상액을 원칙적으로 3배로 정하고 감액 사유를 엄격히 제한합니다.,2026-08-25 11:03
PRC_Z2Y6Y0W4S3T0R1R4Q0R2P1P3Y4W3W9,2218897,대규모유통업에서의 거래 공정화에 관한 법률 일부개정법률안,대규모유통업법,강민국의원 등 10인,강민국,2026-05-08,정무위원회,소관위 심사중,,https://likms.assembly.go.kr/bill/billDetail.do?billId=PRC_Z2Y6Y0W4S3T0R1R4Q0R2P1P3Y4W3W9,대규모유통업자의 늦장 대금 지급 관행을 고치기 위해 직매입 및 특약매입 거래의 대금 지급기한을 앞당깁니다.,2026-08-25 11:03
PRC_G2F6E0C3L3K0I1H8P1O5N2P2P3O6W5,2218006,대규모유통업에서의 거래 공정화에 관한 법률 일부개정법률안,대규모유통업법,오세희의원 등 11인,오세희,2026-03-31,정무위원회,소관위 심사중,,https://likms.assembly.go.kr/bill/billDetail.do?billId=PRC_G2F6E0C3L3K0I1H8P1O5N2P2P3O6W5,중소기업과 소상공인 납품업자를 보호하기 위해 대규모유통업자의 상품 판매대금 지급기한을 크게 단축합니다.,2026-08-25 11:03
PRC_U2T6S0G3E2D7E1C8Z0X8V5W7V8D6C6,2217991,대규모유통업에서의 거래 공정화에 관한 법률 일부개정법률안,대규모유통업법,이주희의원 등 11인,이주희,2026-03-31,정무위원회,소관위 심사중,,https://likms.assembly.go.kr/bill/billDetail.do?billId=PRC_U2T6S0G3E2D7E1C8Z0X8V5W7V8D6C6,대규모유통업자의 대금 지급 지연으로 인한 납품업자의 자금난을 막기 위해 법정 대금 지급기한을 단축합니다.,2026-08-25 11:03
PRC_F2E6C0K3J2K5J1R3P4O6W2X6V8U6T6,2217778,대규모유통업에서의 거래 공정화에 관한 법률 일부개정법률안,대규모유통업법,이주희의원 등 11인,이주희,2026-03-26,정무위원회,소관위 심사중,,https://likms.assembly.go.kr/bill/billDetail.do?billId=PRC_F2E6C0K3J2K5J1R3P4O6W2X6V8U6T6,불공정거래 행위를 억제하기 위해 대규모유통업자에 부과하는 정액과징금 상한액을 대폭 인상합니다.,2026-08-25 11:03
PRC_M2N6V0U3S2R4Z1A4Z5X4W5X6F2D4C3,2217723,대규모유통업에서의 거래 공정화에 관한 법률 일부개정법률안,대규모유통업법,이양수의원 등 11인,이양수,2026-03-25,정무위원회,소관위 심사중,,https://likms.assembly.go.kr/bill/billDetail.do?billId=PRC_M2N6V0U3S2R4Z1A4Z5X4W5X6F2D4C3,중소기업 납품업자의 자금 유동성을 높이기 위해 오프라인을 포함한 유통업계의 판매대금 지급기한을 단축합니다.,2026-08-25 11:03
PRC_W2W6U0V3T0S9T0A9B4Z5A4Y0Z1X4F5,2217549,대규모유통업에서의 거래 공정화에 관한 법률 일부개정법률안,대규모유통업법,김승원의원 등 10인,김승원,2026-03-17,정무위원회,소관위 심사중,,https://likms.assembly.go.kr/bill/billDetail.do?billId=PRC_W2W6U0V3T0S9T0A9B4Z5A4Y0Z1X4F5,공정거래위원회의 조사 실효성을 높이기 위해 조사에 불응하는 대규모유통업자에 대한 과징금과 이행강제금 등 경제적 제재를 강화합니다.,2026-08-25 11:03
PRC_S2Q6R0Q2Q2Y4Y1X3V0W7U5V4D8D4B7,2217126,대규모유통업에서의 거래 공정화에 관한 법률 일부개정법률안,대규모유통업법,김승원의원 등 11인,김승원,2026-02-27,정무위원회,소관위 심사중,,https://likms.assembly.go.kr/bill/billDetail.do?billId=PRC_S2Q6R0Q2Q2Y4Y1X3V0W7U5V4D8D4B7,과도한 형사처벌로 인한 기업 경영 위축을 막기 위해 불공정거래행위에 대해 시정명령과 과징금을 우선 부과하고 불응 시 처벌합니다.,2026-08-25 11:03
PRC_R2Q6Q0O2W2X4V1W3U0V1T4U7P7O5O3,2217122,대규모유통업에서의 거래 공정화에 관한 법률 일부개정법률안,대규모유통업법,김승원의원 등 11인,김승원,2026-02-26,정무위원회,소관위 심사중,,https://likms.assembly.go.kr/bill/billDetail.do?billId=PRC_R2Q6Q0O2W2X4V1W3U0V1T4U7P7O5O3,법률 간 일관성을 맞추고 법 위반을 막기 위해 대규모유통업자의 불공정거래행위 정액 과징금 상한액을 인상합니다.,2026-08-25 11:03
PRC_G2F6F0B2B0A9B1Z4A3Y6Y1G0E7F5E6,2216840,대규모유통업에서의 거래 공정화에 관한 법률 일부개정법률안,대규모유통업법,김용만의원 등 10인,김용만,2026-02-12,정무위원회,소관위 심사중,,https://likms.assembly.go.kr/bill/billDetail.do?billId=PRC_G2F6F0B2B0A9B1Z4A3Y6Y1G0E7F5E6,납품업자가 대금을 제때 받지 못하는 피해를 막기 위해 대규모유통업자의 상품 대금 지급기한을 단축합니다.,2026-08-25 11:03
PRC_X2Y6W0E2F1D2D1C0C3B7C5J8K0I2J4,2216839,대규모유통업에서의 거래 공정화에 관한 법률 일부개정법률안,대규모유통업법,이정문의원 등 12인,이정문,2026-02-12,정무위원회,소관위 심사중,,https://likms.assembly.go.kr/bill/billDetail.do?billId=PRC_X2Y6W0E2F1D2D1C0C3B7C5J8K0I2J4,납품업자가 불공정행위로부터 신속하게 구제받을 수 있도록 금지청구 제도를 도입합니다.,2026-08-25 11:03
PRC_N2L6J0K1I1J3Y1Z1X4V6W4U8V9C9D5,2216487,대규모유통업에서의 거래 공정화에 관한 법률 일부개정법률안,대규모유통업법,김현정의원 등 14인,김현정,2026-02-02,정무위원회,소관위 심사중,,https://likms.assembly.go.kr/bill/billDetail.do?billId=PRC_N2L6J0K1I1J3Y1Z1X4V6W4U8V9C9D5,대규모유통업자가 늑장 결제로 자금을 유용하는 관행을 막기 위해 직매입 거래의 대금 지급기한을 단축합니다.,2026-08-25 11:03
PRC_X2T6T0S1S2Q6R1P1X0Y4W5X3V8V1U9,2216455,대규모유통업에서의 거래 공정화에 관한 법률 일부개정법률안,대규모유통업법,민병덕의원 등 16인,민병덕,2026-01-30,정무위원회,소관위 심사중,,https://likms.assembly.go.kr/bill/billDetail.do?billId=PRC_X2T6T0S1S2Q6R1P1X0Y4W5X3V8V1U9,대규모유통업자의 늑장 정산으로 인한 영세 납품업자의 피해를 방지하기 위해 대금 지급기한을 단축합니다.,2026-08-25 11:03
PRC_Z2A6Y0Y1X2T7T1R4S5Q6R4P3Q1Y8W2,2216392,대규모유통업에서의 거래 공정화에 관한 법률 일부개정법률안,대규모유통업법,민형배의원 등 10인,민형배,2026-01-28,정무위원회,소관위 심사중,,https://likms.assembly.go.kr/bill/billDetail.do?billId=PRC_Z2A6Y0Y1X2T7T1R4S5Q6R4P3Q1Y8W2,대규모유통업자 상대 손해배상 소송에서 피해자가 증거를 쉽게 확보할 수 있도록 공정거래법의 자료제출명령 제도를 도입합니다.,2026-08-25 11:03
PRC_Q2R6P0Q1O1K6L1J5J0H3I3H1H8P7P5,2216284,대규모유통업에서의 거래 공정화에 관한 법률 일부개정법률안,대규모유통업법,오세희의원 등 17인,오세희,2026-01-23,정무위원회,소관위 심사중,,https://likms.assembly.go.kr/bill/billDetail.do?billId=PRC_Q2R6P0Q1O1K6L1J5J0H3I3H1H8P7P5,대규모유통업자가 소상공인 명의를 빌려 소비쿠폰을 우회 수령하거나 부당하게 사용하는 행위를 금지합니다.,2026-08-25 11:03
PRC_F2D6C0D1B0B5K0K9I2J4H1G3G4O5P9,2215882,대규모유통업에서의 거래 공정화에 관한 법률 일부개정법률안,대규모유통업법,송재봉의원 등 12인,송재봉,2026-01-07,정무위원회,소관위 심사중,,https://likms.assembly.go.kr/bill/billDetail.do?billId=PRC_F2D6C0D1B0B5K0K9I2J4H1G3G4O5P9,"납품업체의 자금난을 막기 위해 상품판매대금 정산 기한을 단축하고, 유통업자 파산 시에도 대금을 안전하게 받을 수 있는 보호 규정을 신설합니다.",2026-08-25 11:03
PRC_V2T5T1S2Q3R0Z0Z8Y5Y6X4X3V1R5S3,2215821,대규모유통업에서의 거래 공정화에 관한 법률 일부개정법률안,대규모유통업법,박상웅의원 등 14인,박상웅,2025-12-31,정무위원회,소관위 심사중,,https://likms.assembly.go.kr/bill/billDetail.do?billId=PRC_V2T5T1S2Q3R0Z0Z8Y5Y6X4X3V1R5S3,납품업자의 대금 회수 기간을 단축하고 판촉비와 장려금의 납품업체 부담 한도를 정해 영세 업체를 보호합니다.,2026-08-25 11:03
PRC_Q2O5P1N2M1M0U1U0S4U4S0S1Q0R3Z4,2215232,대규모유통업에서의 거래 공정화에 관한 법률 일부개정법률안,대규모유통업법,이만희의원 등 10인,이만희,2025-12-15,정무위원회,소관위 심사중,,https://likms.assembly.go.kr/bill/billDetail.do?billId=PRC_Q2O5P1N2M1M0U1U0S4U4S0S1Q0R3Z4,신선 농·수·축산물의 대금 지급 지연으로 인한 영세 납품업자의 피해를 막기 위해 대금 지급 기한을 5일 이내로 단축합니다.,2026-08-25 11:03
PRC_G2E5F1D1E0C3Y1Y5X1X8V1W4V1V5D3,2214010,대규모유통업에서의 거래 공정화에 관한 법률 일부개정법률안,대규모유통업법,강민국의원 등 11인,강민국,2025-11-07,정무위원회,소관위 심사중,,https://likms.assembly.go.kr/bill/billDetail.do?billId=PRC_G2E5F1D1E0C3Y1Y5X1X8V1W4V1V5D3,대규모유통업자의 우월적 지위 판단 시 납품업체의 규모를 고려하도록 하여 영세 중소기업이 실질적인 보호를 받도록 합니다.,2026-08-25 11:03
PRC_G2F5E0F8D2C0D0L9K3J5H5Q9O7N2O6,2212622,대규모유통업에서의 거래 공정화에 관한 법률 일부개정법률안,대규모유통업법,윤준병의원 등 10인,윤준병,2025-09-03,정무위원회,소관위 심사중,,https://likms.assembly.go.kr/bill/billDetail.do?billId=PRC_G2F5E0F8D2C0D0L9K3J5H5Q9O7N2O6,납품업자나 매장임차인이 거래 과정에서 권익을 침해당할 경우 법원에 즉시 침해행위의 금지를 청구할 수 있는 제도를 도입합니다.,2026-08-25 11:03
PRC_H2I5G0H7F2G3B1C5A3Y8Z0X1Y0G8H9,2212114,대규모유통업에서의 거래 공정화에 관한 법률 일부개정법률안,대규모유통업법,황운하의원 등 14인,황운하,2025-08-12,정무위원회,소관위 심사중,,https://likms.assembly.go.kr/bill/billDetail.do?billId=PRC_H2I5G0H7F2G3B1C5A3Y8Z0X1Y0G8H9,검찰 수사권 변화 등 형사사법체계 개편에 맞춰 공정거래위원회의 고발 요청 기관을 정비합니다.,2026-08-25 11:03
PRC_C2B5B0X6Y2W5U1V5T1U2B3C0B7B0Z6,2211144,대규모유통업에서의 거래 공정화에 관한 법률 일부개정법률안,대규모유통업법,민형배의원 등 10인,민형배,2025-06-27,정무위원회,소관위 심사중,,https://likms.assembly.go.kr/bill/billDetail.do?billId=PRC_C2B5B0X6Y2W5U1V5T1U2B3C0B7B0Z6,대규모유통업 분쟁조정의 실효성을 높이기 위해 광역자치단체에도 분쟁조정협의회를 설치하고 관련 조사 권한을 이양합니다.,2026-08-25 11:03
PRC_F2O5O0M5N0L1M2K1L2H9H2G1E9E4D2,2210456,대규모유통업에서의 거래 공정화에 관한 법률 일부개정법률안,대규모유통업법,민형배의원 등 10인,민형배,2025-05-09,정무위원회,소관위 심사중,,https://likms.assembly.go.kr/bill/billDetail.do?billId=PRC_F2O5O0M5N0L1M2K1L2H9H2G1E9E4D2,대규모유통업자가 매장임차인과 계약을 갱신할 때 임차료 산정 방식을 강제하는 행위를 금지합니다.,2026-08-25 11:03
PRC_D2E5D0B4B0A4A1I5J5H1I4G4E1F2N7,2210116,대규모유통업에서의 거래 공정화에 관한 법률 일부개정법률안,대규모유통업법,김동아의원 등 10인,김동아,2025-04-25,정무위원회,소관위 심사중,,https://likms.assembly.go.kr/bill/billDetail.do?billId=PRC_D2E5D0B4B0A4A1I5J5H1I4G4E1F2N7,온라인 플랫폼 중개업자를 대규모유통업자에 포함시켜 입점업체를 보호하고 판매대금 정산 기한을 단축합니다.,2026-08-25 11:03
PRC_Y2W5V0D3C2K7I1J7I3G7D1B1A1B4Z8,2209538,대규모유통업에서의 거래 공정화에 관한 법률 일부개정법률안,대규모유통업법,김남근의원 등 14인,김남근,2025-04-02,정무위원회,소관위 심사중,,https://likms.assembly.go.kr/bill/billDetail.do?billId=PRC_Y2W5V0D3C2K7I1J7I3G7D1B1A1B4Z8,"대규모유통업자의 대금 지급 지연을 막기 위해 정산 기간을 단축하고, 회생·파산 시 중소 매장임차인이 선입금을 거절할 수 있게 합니다.",2026-08-25 11:03
PRC_N2M5N0M3H2G4F1G0E1M1L4M3K5J5R8,2209506,대규모유통업에서의 거래 공정화에 관한 법률 일부개정법률안,대규모유통업법,이헌승의원 등 13인,이헌승,2025-04-01,정무위원회,소관위 심사중,,https://likms.assembly.go.kr/bill/billDetail.do?billId=PRC_N2M5N0M3H2G4F1G0E1M1L4M3K5J5R8,대규모유통업자의 불공정거래행위에 대한 정액과징금 상한을 5억원에서 10억원으로 올려 법 위반 억지력을 높입니다.,2026-08-25 11:03
PRC_A2Y5Z0X3W2E1F1D5C0B2X4W4X8V8T7,2209367,대규모유통업에서의 거래 공정화에 관한 법률 일부개정법률안,대규모유통업법,오세희의원 등 10인,오세희,2025-03-26,정무위원회,소관위 심사중,,https://likms.assembly.go.kr/bill/billDetail.do?billId=PRC_A2Y5Z0X3W2E1F1D5C0B2X4W4X8V8T7,판매촉진비용 부당 전가 행위에 대한 과징금 상한을 높이고 징벌적 손해배상 제도를 도입해 중소 납품업체를 보호합니다.,2026-08-25 11:03
PRC_T2T4R1A1A1Y8Z1X7Y5W0X2S0R1R5Q6,2205863,대규모유통업에서의 거래 공정화에 관한 법률 일부개정법률안,대규모유통업법,이헌승의원 등 14인,이헌승,2024-11-26,정무위원회,소관위 심사중,,https://likms.assembly.go.kr/bill/billDetail.do?billId=PRC_T2T4R1A1A1Y8Z1X7Y5W0X2S0R1R5Q6,판매촉진비용 부당 전가 행위에 대한 과징금 상한을 높이고 징벌적 손해배상 제도를 도입해 중소 납품업체를 보호합니다.,2026-08-25 11:03
PRC_Y2W4X0W9S2Q7P1Q0O4X8V4U1V0T3B4,2205254,대규모유통업에서의 거래 공정화에 관한 법률 일부개정법률안,대규모유통업법,유영하의원 등 11인,유영하,2024-11-05,정무위원회,소관위 심사중,,https://likms.assembly.go.kr/bill/billDetail.do?billId=PRC_Y2W4X0W9S2Q7P1Q0O4X8V4U1V0T3B4,손해배상 소송 시 피해자의 입증 책임을 덜어주기 위해 자료제출명령 제도를 도입하고 영업비밀 보호를 위한 비밀유지명령을 신설합니다.,2026-08-25 11:03
PRC_G2H4F1F0D1T6T1R5S3Q1R5P1Q9Y2W9,2204948,대규모유통업에서의 거래 공정화에 관한 법률 일부개정법률안,대규모유통업법,강민국의원 등 11인,강민국,2024-10-28,정무위원회,소관위 심사중,,https://likms.assembly.go.kr/bill/billDetail.do?billId=PRC_G2H4F1F0D1T6T1R5S3Q1R5P1Q9Y2W9,"일정 규모 이상의 온라인 중개 플랫폼에 대규모유통업자 의무를 부과하고, 판매대금 정산 기한 준수와 별도 관리를 의무화합니다.",2026-08-25 11:03
PRC_T2B4C0A8A3Y0X1Y6F2G5F5F6D3E8C2,2203644,대규모유통업에서의 거래 공정화에 관한 법률 일부개정법률안,대규모유통업법,임미애의원 등 17인,임미애,2024-09-04,정무위원회,소관위 심사중,,https://likms.assembly.go.kr/bill/billDetail.do?billId=PRC_T2B4C0A8A3Y0X1Y6F2G5F5F6D3E8C2,온라인 플랫폼 등의 대금 지급 지연을 막기 위해 판매대금 지급 기한을 대폭 단축하고 대금의 50% 이상을 별도 관리하도록 합니다.,2026-08-25 11:03
PRC_H2G4G0O8O2N1O1M4M2L3L0T8S8S6Q0,2203574,대규모유통업에서의 거래 공정화에 관한 법률 일부개정법률안,대규모유통업법,윤영석의원 등 10인,윤영석,2024-09-03,정무위원회,소관위 심사중,,https://likms.assembly.go.kr/bill/billDetail.do?billId=PRC_H2G4G0O8O2N1O1M4M2L3L0T8S8S6Q0,"온라인 플랫폼 중개 사업자에게 대규모유통업자 규정을 적용하고, 소비자가 구매를 확정한 날부터 5일 이내에 판매대금을 지급하게 합니다.",2026-08-25 11:03
PRC_A2Y4Z0X8X1F9E1E0C5D5B4C8Y0Y0W6,2203057,대규모유통업에서의 거래 공정화에 관한 법률 일부개정법률안,대규모유통업법,윤후덕의원 등 15인,윤후덕,2024-08-21,정무위원회,소관위 심사중,,https://likms.assembly.go.kr/bill/billDetail.do?billId=PRC_A2Y4Z0X8X1F9E1E0C5D5B4C8Y0Y0W6,대규모유통업거래 분쟁조정협의회의 보궐위원 임기를 새로 시작하도록 하여 업무의 연속성과 효율성을 높입니다.,2026-08-25 11:03
ARC_R2I4Y0W7D2H3Q2G0C2T6S2K6B3H4Q5,2202169,경제 형벌규정 개선을 위한 대규모유통업에서의 거래 공정화에 관한 법률 등 4개 법률의 일부개정에 관한 법률안,대규모유통업법,정부,,2024-07-23,정무위원회,소관위 심사중,,https://likms.assembly.go.kr/bill/billDetail.do?billId=ARC_R2I4Y0W7D2H3Q2G0C2T6S2K6B3H4Q5,민간 경제활동의 부담을 줄이기 위해 경미한 행정 의무 위반에 대해서는 곧바로 형사처벌하는 대신 시정명령이나 과태료 처분을 먼저 하도록 법을 정비합니다.,2026-08-25 11:03
PRC_L2K4S0S6Q1R3Q1Q1P3X5X3W2W7U3T4,2200559,대규모유통업에서의 거래 공정화에 관한 법률 일부개정법률안,대규모유통업법,박정의원 등 15인,박정,2024-06-17,정무위원회,소관위 심사중,,https://likms.assembly.go.kr/bill/billDetail.do?billId=PRC_L2K4S0S6Q1R3Q1Q1P3X5X3W2W7U3T4,지방에 소재한 기업들도 대규모유통업 관련 분쟁을 빠르게 해결할 수 있도록 광역지방자치단체에도 분쟁조정협의회를 설치할 수 있게 합니다.,2026-08-25 11:03
PRC_N2W6W0U6V1T2U1S7O1P7N2N6M5N6L0,2219383,대리점거래의 공정화에 관한 법률 일부개정법률안,대리점법,김남근의원 등 22인,김남근,2026-06-19,정무위원회,소관위 심사중,,https://likms.assembly.go.kr/bill/billDetail.do?billId=PRC_N2W6W0U6V1T2U1S7O1P7N2N6M5N6L0,"고의적인 불법행위에 대해 법원이 실손해의 3배를 원칙적으로 배상하도록 하고, 정당한 사유가 있을 때만 감액할 수 있게 하여 징벌적 손해배상 제도의 실효성을 높입니다.",2026-08-25 11:03
PRC_G2G6E0F3D0E9C1Y3Y5X3X5W9W1U5V9,2217590,대리점거래의 공정화에 관한 법률 일부개정법률안,대리점법,허영의원 등 14인,허영,2026-03-18,정무위원회,소관위 심사중,,https://likms.assembly.go.kr/bill/billDetail.do?billId=PRC_G2G6E0F3D0E9C1Y3Y5X3X5W9W1U5V9,공정거래위원회의 조사에 불응할 경우 부과하는 제재를 강화하여 조사의 실효성을 확보합니다.,2026-08-25 11:03
PRC_X2X6F0G2E2E5D1E0C4C8K0L8J4I0I3,2217184,대리점거래의 공정화에 관한 법률 일부개정법률안,대리점법,허영의원 등 10인,허영,2026-03-03,정무위원회,소관위 심사중,,https://likms.assembly.go.kr/bill/billDetail.do?billId=PRC_X2X6F0G2E2E5D1E0C4C8K0L8J4I0I3,대리점 분야의 불공정거래행위에 대해 과도한 형사처벌 대신 시정명령과 과징금 등 행정조치를 먼저 하도록 하여 기업 활동의 위축을 막습니다.,2026-08-25 11:03
PRC_G2C6C0A2B2Z5A1Y0Z4H9H4G1E0F7D8,2217171,대리점거래의 공정화에 관한 법률 일부개정법률안,대리점법,허영의원 등 10인,허영,2026-02-27,정무위원회,소관위 심사중,,https://likms.assembly.go.kr/bill/billDetail.do?billId=PRC_G2C6C0A2B2Z5A1Y0Z4H9H4G1E0F7D8,대리점법 위반 행위에 대한 과징금 상한액을 대폭 높여 법 위반을 막는 억지력을 강화합니다.,2026-08-25 11:03
PRC_J2H6I0Q1M2M7U1V4T5U6S5T8R2R7A8,2216391,대리점거래의 공정화에 관한 법률 일부개정법률안,대리점법,민형배의원 등 10인,민형배,2026-01-28,정무위원회,소관위 심사중,,https://likms.assembly.go.kr/bill/billDetail.do?billId=PRC_J2H6I0Q1M2M7U1V4T5U6S5T8R2R7A8,대리점 관련 손해배상 소송에서 피해자가 증거를 쉽게 확보할 수 있도록 법원이 위법 당사자에게 자료 제출을 명령할 수 있는 제도를 도입합니다.,2026-08-25 11:03
PRC_D2B5C1A2B0W4X1V7U5U1S1T0B1B9A5,2215504,대리점거래의 공정화에 관한 법률 일부개정법률안,대리점법,박범계의원 등 10인,박범계,2025-12-22,정무위원회,소관위 심사중,,https://likms.assembly.go.kr/bill/billDetail.do?billId=PRC_D2B5C1A2B0W4X1V7U5U1S1T0B1B9A5,대리점 피해를 신속하게 구제하기 위해 공정거래위원회가 직접 시정방안을 마련하여 공급업자에게 요구할 수 있는 근거를 신설합니다.,2026-08-25 11:03
PRC_O2W5W1V1W2U8U1S4T3B0B5A7Y4Z1X8,2215173,대리점거래의 공정화에 관한 법률 일부개정법률안,대리점법,이정문의원 등 14인,이정문,2025-12-11,정무위원회,소관위 심사중,,https://likms.assembly.go.kr/bill/billDetail.do?billId=PRC_O2W5W1V1W2U8U1S4T3B0B5A7Y4Z1X8,"대리점들이 단체를 구성해 부당한 행위에 공동으로 대응할 수 있게 하고, 계약 해지 절차를 명확히 하여 대리점의 협상력을 강화합니다.",2026-08-25 11:03
PRC_U2S5R0Q8M2L0M0L9J3R6Q3O7P7O6W4,2212624,대리점거래의 공정화에 관한 법률 일부개정법률안,대리점법,윤준병의원 등 10인,윤준병,2025-09-03,정무위원회,소관위 심사중,,https://likms.assembly.go.kr/bill/billDetail.do?billId=PRC_U2S5R0Q8M2L0M0L9J3R6Q3O7P7O6W4,대리점이 거래 과정에서 불법행위로 이익을 침해당할 경우 법원에 그 행위의 금지나 예방을 청구할 수 있는 제도를 도입합니다.,2026-08-25 11:03
PRC_D2B5A0A7I2I3H1H5F3G9F1F8N4N9M5,2212119,대리점거래의 공정화에 관한 법률 일부개정법률안,대리점법,황운하의원 등 15인,황운하,2025-08-12,정무위원회,소관위 심사중,,https://likms.assembly.go.kr/bill/billDetail.do?billId=PRC_D2B5A0A7I2I3H1H5F3G9F1F8N4N9M5,형사사법체계 개편에 맞춰 대리점법 위반 고발 요청 기관을 검찰총장에서 관할 수사기관의 장으로 변경합니다.,2026-08-25 11:03
PRC_F2D5E0M6N2L5L1K5I1J2R5R0Q3Q0P9,2211152,대리점거래의 공정화에 관한 법률 일부개정법률안,대리점법,민형배의원 등 10인,민형배,2025-06-27,정무위원회,소관위 심사중,,https://likms.assembly.go.kr/bill/billDetail.do?billId=PRC_F2D5E0M6N2L5L1K5I1J2R5R0Q3Q0P9,대리점 관련 분쟁조정과 불공정거래 조사 등의 권한 일부를 시·도지사에게 이양하여 지역별로 신속하게 대응할 수 있게 합니다.,2026-08-25 11:03
PRC_F2F5E0F1A1B4Z1Y4Y4W0X2F6F7E3C1,2207511,대리점거래의 공정화에 관한 법률 일부개정법률안,대리점법,허영의원 등 10인,허영,2025-01-15,정무위원회,소관위 심사중,,https://likms.assembly.go.kr/bill/billDetail.do?billId=PRC_F2F5E0F1A1B4Z1Y4Y4W0X2F6F7E3C1,대리점 손해배상 소송에서 피해자의 증거 확보를 돕기 위해 자료제출명령제를 도입하고 법원의 비밀유지명령 근거를 마련합니다.,2026-08-25 11:03
PRC_U2S4R0Z9Y2X7Y1W0E4D7C3D5C6X2W2,2205253,대리점거래의 공정화에 관한 법률 일부개정법률안,대리점법,유영하의원 등 11인,유영하,2024-11-05,정무위원회,소관위 심사중,,https://likms.assembly.go.kr/bill/billDetail.do?billId=PRC_U2S4R0Z9Y2X7Y1W0E4D7C3D5C6X2W2,"대리점 소송 시 자료제출명령제와 비밀유지명령 제도를 도입하고, 이에 따른 벌칙과 양벌규정 예외 조치를 정비합니다.",2026-08-25 11:03
PRC_H2G4G0O8P1N9O1M0L5L5H1I5G2G3E9,2203058,대리점거래의 공정화에 관한 법률 일부개정법률안,대리점법,윤후덕의원 등 15인,윤후덕,2024-08-21,정무위원회,소관위 심사중,,https://likms.assembly.go.kr/bill/billDetail.do?billId=PRC_H2G4G0O8P1N9O1M0L5L5H1I5G2G3E9,대리점 분쟁조정협의회 보궐위원의 임기를 전임자의 남은 임기가 아닌 새로 시작하도록 하여 업무의 연속성과 효율성을 높입니다.,2026-08-25 11:03
PRC_F2D4C0D7B0B2X1Y6W4X4V0T0U3C2C0,2201589,대리점거래의 공정화에 관한 법률 일부개정법률안,대리점법,이강일의원 등 19인,이강일,2024-07-10,정무위원회,소관위 심사중,,https://likms.assembly.go.kr/bill/billDetail.do?billId=PRC_F2D4C0D7B0B2X1Y6W4X4V0T0U3C2C0,대리점의 계약갱신 요구권과 단체 교섭권을 보장하고 계약 해지를 제한하여 공급업자와 대등한 상생 관계를 만들 수 있도록 합니다.,2026-08-25 11:03
PRC_R2Q4P0N5O3W1V1U6S2T3B4E2C6B0Z0,2200828,대리점거래의 공정화에 관한 법률 일부개정법률안,대리점법,이학영의원 등 10인,이학영,2024-06-24,정무위원회,소관위 심사중,,https://likms.assembly.go.kr/bill/billDetail.do?billId=PRC_R2Q4P0N5O3W1V1U6S2T3B4E2C6B0Z0,"대리점이 사업자단체에 가입하고 활동할 수 있는 권리를 명확히 하고, 이를 이유로 한 본사의 불이익 제공을 금지합니다.",2026-08-25 11:03
PRC_U2S6U0S7S2Q9M1N4L0M9K1L3J7R2S3,2220445,대·중소기업 상생협력 촉진에 관한 법률 일부개정법률안,상생협력법,최수진의원 등 11인,최수진,2026-08-05,산업통상자원중소벤처기업위원회,소관위 심사중,,https://likms.assembly.go.kr/bill/billDetail.do?billId=PRC_U2S6U0S7S2Q9M1N4L0M9K1L3J7R2S3,중소기업과의 상생 협력에 자발적으로 동참하는 대기업에 세무조사 유예 등 확실한 인센티브를 제공하여 자율적인 상생 생태계를 조성합니다.,2026-08-25 11:03
PRC_O2W6X0V7T3U0T0T9B4B0A1Y5Z4X9Y8,2220393,대·중소기업 상생협력 촉진에 관한 법률 일부개정법률안,상생협력법,송재봉의원 등 14인,송재봉,2026-08-03,산업통상자원중소벤처기업위원회,소관위 심사중,,https://likms.assembly.go.kr/bill/billDetail.do?billId=PRC_O2W6X0V7T3U0T0T9B4B0A1Y5Z4X9Y8,"온라인 플랫폼과 입점업체 간의 상생을 위해 동반성장지수를 도입하고, 정산기한 단축 및 실태조사 등의 지원 근거를 마련합니다.",2026-08-25 11:03
PRC_D2M6K0J7I0E3C0B8C5A9J2H8G9G7G8,2220037,대·중소기업 상생협력 촉진에 관한 법률 일부개정법률안,상생협력법,윤준병의원 등 15인,윤준병,2026-07-20,산업통상자원중소벤처기업위원회,소관위 심사중,,https://likms.assembly.go.kr/bill/billDetail.do?billId=PRC_D2M6K0J7I0E3C0B8C5A9J2H8G9G7G8,"대기업의 기술 탈취 행위를 막기 위해 과징금 부과 규정을 신설하고, 손해배상액 산정 시 기술 개발에 투입된 비용을 기본 손해로 인정하도록 합니다.",2026-08-25 11:03
PRC_P2O6M0M6I3J0H1G5G0E1F5N1O0M7K4,2219752,대·중소기업 상생협력 촉진에 관한 법률 일부개정법률안,상생협력법,권향엽의원 등 13인,권향엽,2026-07-03,산업통상자원중소벤처기업위원회,소관위 심사중,,https://likms.assembly.go.kr/bill/billDetail.do?billId=PRC_P2O6M0M6I3J0H1G5G0E1F5N1O0M7K4,중소기업의 거래 및 기술 분쟁을 체계적으로 예방하고 피해를 구제하기 위해 '대·중소기업 분쟁조정원'을 설치합니다.,2026-08-25 11:03
PRC_Q2P6X0Y6W2V3U1P0Q4P7O5M8C9B5W4,2219613,대·중소기업 상생협력 촉진에 관한 법률 일부개정법률안,상생협력법,허성무의원 등 12인,허성무,2026-06-30,산업통상자원중소벤처기업위원회,소관위 심사중,,https://likms.assembly.go.kr/bill/billDetail.do?billId=PRC_Q2P6X0Y6W2V3U1P0Q4P7O5M8C9B5W4,"수탁·위탁거래 약정서를 작성할 때 국어를 필수로 사용하게 하고, 외국어 약정서와 내용이 다르면 국어 약정서가 우선하도록 합니다.",2026-08-25 11:03
PRC_C2K6P0O6P2X4V1U3V0T6Q4O4M1L4M6,2219517,대·중소기업 상생협력 촉진에 관한 법률 일부개정법률안,상생협력법,송재봉의원 등 10인,송재봉,2026-06-25,산업통상자원중소벤처기업위원회,소관위 심사중,,https://likms.assembly.go.kr/bill/billDetail.do?billId=PRC_C2K6P0O6P2X4V1U3V0T6Q4O4M1L4M6,중소기업의 성과공유제 적용 대상을 기존의 수탁·위탁 거래에서 플랫폼 등 기업 간 모든 거래로 확대합니다.,2026-08-25 11:03
PRC_K2K6S0R6O1W6V1V8B4Z0Z1Y5U9T4Q0,2219440,대·중소기업 상생협력 촉진에 관한 법률 일부개정법률안,상생협력법,김남근의원 등 17인,김남근,2026-06-23,산업통상자원중소벤처기업위원회,소관위 심사중,,https://likms.assembly.go.kr/bill/billDetail.do?billId=PRC_K2K6S0R6O1W6V1V8B4Z0Z1Y5U9T4Q0,징벌적 손해배상 제도의 실효성을 높이기 위해 고의적 불법행위에 대해 원칙적으로 손해액의 3배 또는 5배를 배상하도록 합니다.,2026-08-25 11:03
PRC_H2F6E0D6G1F0E1D4D1L5K4J2H2I3E8,2219411,대·중소기업 상생협력 촉진에 관한 법률 일부개정법률안,상생협력법,허성무의원 등 12인,허성무,2026-06-22,산업통상자원중소벤처기업위원회,소관위 심사중,,https://likms.assembly.go.kr/bill/billDetail.do?billId=PRC_H2F6E0D6G1F0E1D4D1L5K4J2H2I3E8,중소기업의 자금난을 해소하기 위해 납품대금 지급기한을 현행 60일에서 40일로 단축합니다.,2026-08-25 11:03
PRC_Z2X6X0V4W3E0F1D6B3C0B5B5J0J1I1,2219027,대·중소기업 상생협력 촉진에 관한 법률 일부개정법률안,상생협력법,이종배의원 등 12인,이종배,2026-05-20,산업통상자원중소벤처기업위원회,소관위 심사중,,https://likms.assembly.go.kr/bill/billDetail.do?billId=PRC_Z2X6X0V4W3E0F1D6B3C0B5B5J0J1I1,납품대금 연동제 참여를 촉진하기 위해 우수기업에 사업 선정 가점 및 행정·재정적 지원을 제공합니다.,2026-08-25 11:03
PRC_B2Z6Z0I2I2H0H1F0E2E7M1N6L0M9K9,2217437,대·중소기업 상생협력 촉진에 관한 법률 일부개정법률안,상생협력법,엄태영의원 등 11인,엄태영,2026-03-12,산업통상자원중소벤처기업위원회,소관위 심사중,,https://likms.assembly.go.kr/bill/billDetail.do?billId=PRC_B2Z6Z0I2I2H0H1F0E2E7M1N6L0M9K9,"위탁기업이 우월적 지위를 이용해 납품대금 미연동을 강요하는 것을 막기 위해, 수탁기업의 서면 요청이 있을 때만 미연동 합의를 허용합니다.",2026-08-25 11:03
PRC_S2T5R1S2Q1Q1P1L0L5J6K2J6J3H8P7,2216341,대·중소기업 상생협력 촉진에 관한 법률 일부개정법률안,상생협력법,김종민의원 등 10인,김종민,2026-01-27,산업통상자원중소벤처기업위원회,소관위 심사중,,https://likms.assembly.go.kr/bill/billDetail.do?billId=PRC_S2T5R1S2Q1Q1P1L0L5J6K2J6J3H8P7,온라인 플랫폼 시장의 공정한 거래를 위해 대·중소기업 상생협력 실태조사를 정례화하고 자료 제출을 의무화합니다.,2026-08-25 11:03
PRC_Q2P5P1O2O0W3W1V4T5U0S0S8B8B7Z5,2216331,대·중소기업 상생협력 촉진에 관한 법률 일부개정법률안,상생협력법,김종민의원 등 10인,김종민,2026-01-26,산업통상자원중소벤처기업위원회,소관위 심사중,,https://likms.assembly.go.kr/bill/billDetail.do?billId=PRC_Q2P5P1O2O0W3W1V4T5U0S0S8B8B7Z5,중소기업의 기술자료를 부당하게 유용한 위탁기업에 대해 벌금형을 부과할 수 있는 형사처벌 규정을 신설합니다.,2026-08-25 11:03
PRC_C2K5K1J2K1I7I1H7H4D9B5C1A4B6Z5,2215386,대·중소기업 상생협력 촉진에 관한 법률 일부개정법률안,상생협력법,최혁진의원 등 11인,최혁진,2025-12-18,산업통상자원중소벤처기업위원회,소관위 심사중,,https://likms.assembly.go.kr/bill/billDetail.do?billId=PRC_C2K5K1J2K1I7I1H7H4D9B5C1A4B6Z5,중소기업의 기술탈취 피해를 막기 위해 입증책임을 전환하고 최대 10배의 징벌적 손해배상을 도입합니다.,2026-08-25 11:03
PRC_X2F5G1E1E2D6E1C8C0S3Q1Q2P9Q8O3,2215151,대·중소기업 상생협력 촉진에 관한 법률 일부개정법률안,상생협력법,이종배의원 등 10인,이종배,2025-12-11,산업통상자원중소벤처기업위원회,소관위 심사중,,https://likms.assembly.go.kr/bill/billDetail.do?billId=PRC_X2F5G1E1E2D6E1C8C0S3Q1Q2P9Q8O3,"납품대금 연동 대상에 에너지, 운송, 용수 등 주요 경비를 포함하고 위탁기업의 보복행위를 금지합니다.",2026-08-25 11:03
PRC_U2U5T0T9S3Q0Q1G0H5F6G3E4D0D9L1,2214095,대·중소기업 상생협력 촉진에 관한 법률 일부개정법률안,상생협력법,송재봉의원 등 19인,송재봉,2025-11-11,산업통상자원중소벤처기업위원회,소관위 수정가결,,https://likms.assembly.go.kr/bill/billDetail.do?billId=PRC_U2U5T0T9S3Q0Q1G0H5F6G3E4D0D9L1,중소벤처기업부 장관이 법 위반 기업에 대해 납품대금 지급이나 재발 방지를 명할 수 있는 근거를 명확히 합니다.,2026-08-25 11:03
PRC_Q2R5P0P3Y3Y1W1X6V3U5U4Q8Q6P6P0,2209942,대·중소기업 상생협력 촉진에 관한 법률 일부개정법률안,상생협력법,김동아의원 등 12인,김동아,2025-04-18,산업통상자원중소벤처기업위원회,소관위 심사중,,https://likms.assembly.go.kr/bill/billDetail.do?billId=PRC_Q2R5P0P3Y3Y1W1X6V3U5U4Q8Q6P6P0,납품대금 연동제 실효성을 높이기 위해 실제 대금 조정 여부를 실태조사 항목에 포함하고 자료 제출 방해를 금지합니다.,2026-08-25 11:03
PRC_K2J4I0Q9R3P0V1U3S2R2S1A1Y6X4Y5,2205103,대·중소기업 상생협력 촉진에 관한 법률 일부개정법률안,상생협력법,송재봉의원 등 10인,송재봉,2024-10-31,산업통상자원중소벤처기업위원회,소관위 심사중,,https://likms.assembly.go.kr/bill/billDetail.do?billId=PRC_K2J4I0Q9R3P0V1U3S2R2S1A1Y6X4Y5,"수탁기업협의회의 거래조건 협의 권한을 보장하고, 중소벤처기업부에 불공정거래 조사를 위한 전담 감독관을 둡니다.",2026-08-25 11:03
PRC_W2W4V0W8U2U1C1B1B0Z8A4Z9Z1H0F6,2205044,대·중소기업 상생협력 촉진에 관한 법률 일부개정법률안,상생협력법,이인영의원 등 11인,이인영,2024-10-30,산업통상자원중소벤처기업위원회,소관위 심사중,,https://likms.assembly.go.kr/bill/billDetail.do?billId=PRC_W2W4V0W8U2U1C1B1B0Z8A4Z9Z1H0F6,최저임금 인상에 따른 인건비 상승분을 위탁기업과 수탁기업이 분담하도록 약정서에 포함하게 합니다.,2026-08-25 11:03
PRC_N2M4M0K8L2J8R1S4Q0R3P4P1O9P4K2,2204040,대·중소기업 상생협력 촉진에 관한 법률 일부개정법률안,상생협력법,김동아의원 등 11인,김동아,2024-09-13,산업통상자원중소벤처기업위원회,소관위 심사중,,https://likms.assembly.go.kr/bill/billDetail.do?billId=PRC_N2M4M0K8L2J8R1S4Q0R3P4P1O9P4K2,대기업의 불공정거래와 기술탈취를 억제하기 위해 손해배상 범위를 강화하여 중소기업의 권익을 보호합니다.,2026-08-25 11:03
PRC_C2A4B0Z9Z0I3I1G3H5F1E3E5M8N3L2,2203667,대·중소기업 상생협력 촉진에 관한 법률 일부개정법률안,상생협력법,김정호의원 등 12인,김정호,2024-09-05,산업통상자원중소벤처기업위원회,소관위 심사중,,https://likms.assembly.go.kr/bill/billDetail.do?billId=PRC_C2A4B0Z9Z0I3I1G3H5F1E3E5M8N3L2,국가나 지방자치단체와의 수탁·위탁거래 분쟁도 전문성과 공정성을 갖춘 분쟁조정협의회에서 조정받을 수 있게 합니다.,2026-08-25 11:03
PRC_T2S4T0A7Z1A0Y1Z6X3X3T4S5S5R0R4,2202054,대·중소기업 상생협력 촉진에 관한 법률 일부개정법률안,상생협력법,김원이의원 등 14인,김원이,2024-07-22,산업통상자원중소벤처기업위원회,소관위 심사중,,https://likms.assembly.go.kr/bill/billDetail.do?billId=PRC_T2S4T0A7Z1A0Y1Z6X3X3T4S5S5R0R4,불공정 거래로 부과된 과징금을 상생협력기금 재원으로 활용하여 피해 중소기업을 직접 지원합니다.,2026-08-25 11:03
PRC_M2N4M0K6T2R1Q1O7R1A1Y3X1W1E3D2,2201511,대·중소기업 상생협력 촉진에 관한 법률 일부개정법률안,상생협력법,이용선의원 등 14인,이용선,2024-07-09,산업통상자원중소벤처기업위원회,소관위 심사중,,https://likms.assembly.go.kr/bill/billDetail.do?billId=PRC_M2N4M0K6T2R1Q1O7R1A1Y3X1W1E3D2,수탁기업협의회 신고 제도를 도입하고 수탁기업의 계약갱신 요구권과 거래조건 협의 요청권을 보장합니다.,2026-08-25 11:03
PRC_L2K4E0D6C1B4K1I5H5G7O5N7K8S3R0,2203943,약관의 규제에 관한 법률 일부개정법률안,약관법,이언주의원 등 10인,이언주,2024-09-11,정무위원회,소관위 심사중,,https://likms.assembly.go.kr/bill/billDetail.do?billId=PRC_L2K4E0D6C1B4K1I5H5G7O5N7K8S3R0,우월적 지위를 가진 사업자가 불공정한 약정을 맺는 것을 막기 위해 약정 사전에인증을 받거나 표준약관과 다를 경우 신고하게 합니다.,2026-08-25 11:03
PRC_S2S4Q0R8Z1X9Y1W0X5V6W4R0S8Q8P2,2203055,약관의 규제에 관한 법률 일부개정법률안,약관법,윤후덕의원 등 15인,윤후덕,2024-08-21,정무위원회,소관위 심사중,,https://likms.assembly.go.kr/bill/billDetail.do?billId=PRC_S2S4Q0R8Z1X9Y1W0X5V6W4R0S8Q8P2,공정거래조정원 보궐위원의 임기를 전임자의 남은 임기가 아닌 새로 위촉된 날부터 시작하도록 하여 위원회의 연속성과 효율성을 높이려고 합니다.,2026-08-25 11:03
PRC_H2I6G0G7F0G7N1O4M4L8L4K0K9G6H6,2220645,전자상거래 등에서의 소비자보호에 관한 법률 일부개정법률안,전자상거래법,최은석의원 등 10인,최은석,2026-08-20,정무위원회,소관위 심사중,,https://likms.assembly.go.kr/bill/billDetail.do?billId=PRC_H2I6G0G7F0G7N1O4M4L8L4K0K9G6H6,온라인 쇼핑몰이 배송 지연 등 사업자의 잘못으로 소비자가 피해를 입었을 때의 보상 기준을 미리 알리고 계약 후 서면으로 주도록 의무화합니다.,2026-08-25 11:03
PRC_W2U6V0T3U1P3Q1O7P1N0O5M6U2V0T8,2220203,전자상거래 등에서의 소비자보호에 관한 법률 일부개정법률안,전자상거래법,박지혜의원 등 10인,박지혜,2026-07-28,정무위원회,소관위 심사중,,https://likms.assembly.go.kr/bill/billDetail.do?billId=PRC_W2U6V0T3U1P3Q1O7P1N0O5M6U2V0T8,배달플랫폼이 입점 소상공인에게 매출액의 15%를 넘는 수수료나 광고비를 받지 못하도록 하고 수수료 내역을 공개하게 합니다.,2026-08-25 11:03
PRC_S2Q6X0W6V1C5B1A7A0J3I1F6N4M5L0,2219670,전자상거래 등에서의 소비자보호에 관한 법률 일부개정법률안,전자상거래법,이양수의원 등 10인,이양수,2026-07-01,정무위원회,소관위 심사중,,https://likms.assembly.go.kr/bill/billDetail.do?billId=PRC_S2Q6X0W6V1C5B1A7A0J3I1F6N4M5L0,소비자 피해를 막기 위해 법을 어긴 사업자의 처분 이력뿐만 아니라 사업자등록번호 변경 이력까지 함께 공개하도록 합니다.,2026-08-25 11:03
PRC_Q2O6P0O4M0M8U0V9T3U5S1Q6R3Z9A2,2219553,전자상거래 등에서의 소비자보호에 관한 법률 일부개정법률안,전자상거래법,이강일의원 등 15인,이강일,2026-06-26,정무위원회,소관위 심사중,,https://likms.assembly.go.kr/bill/billDetail.do?billId=PRC_Q2O6P0O4M0M8U0V9T3U5S1Q6R3Z9A2,"온라인 플랫폼에 불량·유해 물품이 유통되지 않도록 차단 시스템을 만들게 하고, 이를 어겨 소비자에게 손해를 입히면 판매자와 함께 배상하도록 합니다.",2026-08-25 11:03
PRC_A2Z6Y0E6D1C0G1M0L1K8J5G9F8B0K7,2219294,전자상거래 등에서의 소비자보호에 관한 법률 일부개정법률안,전자상거래법,이양수의원 등 12인,이양수,2026-06-17,정무위원회,소관위 심사중,,https://likms.assembly.go.kr/bill/billDetail.do?billId=PRC_A2Z6Y0E6D1C0G1M0L1K8J5G9F8B0K7,"온라인 중개 플랫폼이 직접 파는 상품과 입점업체의 상품을 명확히 구분해 표시하게 하고, 직접 판매와 관련된 업무로 피해가 생기면 책임을 지게 합니다.",2026-08-25 11:03
PRC_H2G6E0D3Z2A3Y1X2V0E6F1D5C8B0I5,2218221,전자상거래 등에서의 소비자보호에 관한 법률 일부개정법률안,전자상거래법,한창민의원 등 11인,한창민,2026-04-09,정무위원회,소관위 심사중,,https://likms.assembly.go.kr/bill/billDetail.do?billId=PRC_H2G6E0D3Z2A3Y1X2V0E6F1D5C8B0I5,대규모 개인정보 유출 사고가 난 사업자에 대해 공정거래위원회가 영업정지 명령을 내릴 수 있는 근거를 마련합니다.,2026-08-25 11:03
PRC_B2A6I0G3F2E7E1N3L5K5J0F8D8S6R7,2217998,전자상거래 등에서의 소비자보호에 관한 법률 일부개정법률안,전자상거래법,이주희의원 등 13인,이주희,2026-03-31,정무위원회,소관위 심사중,,https://likms.assembly.go.kr/bill/billDetail.do?billId=PRC_B2A6I0G3F2E7E1N3L5K5J0F8D8S6R7,인공지능(AI) 기술을 이용해 만든 가짜 소비자 후기로 광고하는 행위를 금지하여 소비자의 합리적인 선택을 돕습니다.,2026-08-25 11:03
PRC_C2A6B0Z3A0Y9Z1V8T2T7S3S8R1R6Z8,2217548,전자상거래 등에서의 소비자보호에 관한 법률 일부개정법률안,전자상거래법,김남근의원 등 20인,김남근,2026-03-17,정무위원회,소관위 심사중,,https://likms.assembly.go.kr/bill/billDetail.do?billId=PRC_C2A6B0Z3A0Y9Z1V8T2T7S3S8R1R6Z8,공정거래위원회의 조사나 처분에 정당한 이유 없이 불응하는 사업자에게 과태료 대신 더 강력한 과징금과 이행강제금을 부과할 수 있게 합니다.,2026-08-25 11:03
PRC_U2S6T0R2R2L6L1J5L3J1J3H7I5Q0O2,2217120,전자상거래 등에서의 소비자보호에 관한 법률 일부개정법률안,전자상거래법,김남근의원 등 17인,김남근,2026-02-26,정무위원회,소관위 심사중,,https://likms.assembly.go.kr/bill/billDetail.do?billId=PRC_U2S6T0R2R2L6L1J5L3J1J3H7I5Q0O2,소비자 기만이나 개인정보 유출 등 중대한 법 위반 행위가 발생했을 때 영업정지 처분 없이 곧바로 과징금을 부과할 수 있도록 합니다.,2026-08-25 11:03
PRC_Y2U5U0S7T1R6Q1Q0Y3Z4X0Y5W0X8V0,2217044,전자상거래 등에서의 소비자보호에 관한 법률 일부개정법률안,전자상거래법,이준석의원 등 10인,이준석,2026-02-25,정무위원회,소관위 심사중,,https://likms.assembly.go.kr/bill/billDetail.do?billId=PRC_Y2U5U0S7T1R6Q1Q0Y3Z4X0Y5W0X8V0,"온라인 플랫폼이 소비자의 상품 후기를 공정하게 관리하고, 일정 규모 이상의 플랫폼은 후기 정정·삭제 체계를 갖추도록 합니다.",2026-08-25 11:03
PRC_E2D5E0M9L0K9I1J3R5Q1O5N2V0W7U5,2216914,전자상거래 등에서의 소비자보호에 관한 법률 일부개정법률안,전자상거래법,이해민의원 등 11인,이해민,2026-02-20,정무위원회,소관위 심사중,,https://likms.assembly.go.kr/bill/billDetail.do?billId=PRC_E2D5E0M9L0K9I1J3R5Q1O5N2V0W7U5,소비자를 속이는 부당한 온라인 설계 방식인 다크패턴의 금지 유형을 포괄적으로 규정하고 공정위가 해설서를 마련할 수 있게 합니다.,2026-08-25 11:03
PRC_N2N6M0N1L2L6H1F5G1E4F3D2E6M8M9,2216669,전자상거래 등에서의 소비자보호에 관한 법률 일부개정법률안,전자상거래법,신장식의원 등 10인,신장식,2026-02-09,정무위원회,소관위 심사중,,https://likms.assembly.go.kr/bill/billDetail.do?billId=PRC_N2N6M0N1L2L6H1F5G1E4F3D2E6M8M9,"불법 행위를 한 사업자에게 부과하는 과징금 상한을 전체 매출액의 20% 이하로 높이고, 매출 산정이 어려우면 최대 50억 원까지 부과할 수 있게 합니다.",2026-08-25 11:03
PRC_T2R6P0Q1Y2Y8W1X7W4W6U5V5D5B5C4,2216488,전자상거래 등에서의 소비자보호에 관한 법률 일부개정법률안,전자상거래법,김현정의원 등 14인,김현정,2026-02-02,정무위원회,소관위 심사중,,https://likms.assembly.go.kr/bill/billDetail.do?billId=PRC_T2R6P0Q1Y2Y8W1X7W4W6U5V5D5B5C4,탈퇴를 어렵게 만드는 등 소비자를 속이는 다크패턴 행위에 대한 과태료와 영업정지 갈음 과징금의 상한액을 대폭 올립니다.,2026-08-25 11:03
PRC_K2I6J0R1Q0Q8O1P1N2O4J0K8J3H5H2,2216038,전자상거래 등에서의 소비자보호에 관한 법률 일부개정법률안,전자상거래법,민병덕의원 등 20인,민병덕,2026-01-14,정무위원회,소관위 심사중,,https://likms.assembly.go.kr/bill/billDetail.do?billId=PRC_K2I6J0R1Q0Q8O1P1N2O4J0K8J3H5H2,"개인정보 유출 사고가 났을 때 소비자가 플랫폼에서 즉시 탈퇴할 수 있게 하고, 탈퇴를 방해하는 다양한 꼼수를 금지합니다.",2026-08-25 11:03
PRC_W2X5E1F2D1E0D0D9B1C9K3I1J3H5I6,2215083,전자상거래 등에서의 소비자보호에 관한 법률 일부개정법률안,전자상거래법,민형배의원 등 13인,민형배,2025-12-10,정무위원회,소관위 심사중,,https://likms.assembly.go.kr/bill/billDetail.do?billId=PRC_W2X5E1F2D1E0D0D9B1C9K3I1J3H5I6,"대형 온라인 플랫폼에서 탈퇴 버튼을 숨기거나 복잡하게 만드는 행위를 금지하고, 개인정보 유출 시 위약금 없이 탈퇴할 수 있게 합니다.",2026-08-25 11:03
PRC_K2L5J1J1F0E3E1C0D0C1C5K5K1J2H4,2214753,전자상거래 등에서의 소비자보호에 관한 법률 일부개정법률안,전자상거래법,정점식의원 등 16인,정점식,2025-12-02,정무위원회,소관위 심사중,,https://likms.assembly.go.kr/bill/billDetail.do?billId=PRC_K2L5J1J1F0E3E1C0D0C1C5K5K1J2H4,"인공지능으로 만든 이미지나 설명임을 광고에 명확히 표시하게 하고, 지방자치단체도 임시중지명령을 요청할 수 있도록 범위를 넓힙니다.",2026-08-25 11:03
PRC_A2I4J0I5G3F1N1O5M4U3T2S3T6R7Z3,2214696,전자상거래 등에서의 소비자보호에 관한 법률 일부개정법률안,전자상거래법,이학영의원 등 13인,이학영,2025-11-28,정무위원회,소관위 심사중,,https://likms.assembly.go.kr/bill/billDetail.do?billId=PRC_A2I4J0I5G3F1N1O5M4U3T2S3T6R7Z3,"온라인 플랫폼이 자영업자의 정보를 잘 관리하게 하고, 불만 처리를 회피하는 판매자에 대해 공정위가 자료 제출을 요구할 수 있게 합니다.",2026-08-25 11:03
PRC_D2K5L1J1K1J4H1H0P4P3O4P8N4N9M0,2214346,전자상거래 등에서의 소비자보호에 관한 법률 일부개정법률안,전자상거래법,김미애의원 등 12인,김미애,2025-11-18,정무위원회,소관위 심사중,,https://likms.assembly.go.kr/bill/billDetail.do?billId=PRC_D2K5L1J1K1J4H1H0P4P3O4P8N4N9M0,소비자가 허위 사실로 환불을 요구하거나 악의적인 별점 테러 등으로 자영업자를 위협하는 행위를 금지합니다.,2026-08-25 11:03
PRC_D2D5C0A5B1I5J1H5I3G5H5F7G1O6M7,2210705,전자상거래 등에서의 소비자보호에 관한 법률 일부개정법률안,전자상거래법,김재섭의원 등 10인,김재섭,2025-06-11,정무위원회,소관위 심사중,,https://likms.assembly.go.kr/bill/billDetail.do?billId=PRC_D2D5C0A5B1I5J1H5I3G5H5F7G1O6M7,다크패턴을 이용해 소비자를 속이고 부당한 이익을 얻은 사업자에게 얻은 이익에 상응하는 과징금을 부과하여 부당이익을 환수합니다.,2026-08-25 11:03
PRC_T2U5C0A3Z2A0Y1G5F2G0G2F2G2N5M1,2209688,전자상거래 등에서의 소비자보호에 관한 법률 일부개정법률안,전자상거래법,정일영의원 등 12인,정일영,2025-04-10,정무위원회,소관위 심사중,,https://likms.assembly.go.kr/bill/billDetail.do?billId=PRC_T2U5C0A3Z2A0Y1G5F2G0G2F2G2N5M1,배달플랫폼 같은 온라인 플랫폼이 입점 사업자에게 매출 규모에 따라 이용수수료를 차등 부과하도록 의무화하여 공정한 거래를 돕고자 합니다.,2026-08-25 11:03
PRC_C2K5L0K3J1H9P0Q8P5N9L4M9V1T4U4,2209146,전자상거래 등에서의 소비자보호에 관한 법률 일부개정법률안,전자상거래법,최은석의원 등 15인,최은석,2025-03-20,정무위원회,소관위 심사중,,https://likms.assembly.go.kr/bill/billDetail.do?billId=PRC_C2K5L0K3J1H9P0Q8P5N9L4M9V1T4U4,온라인 플랫폼을 통한 부동산 직거래 시 중개자가 거래 당사자의 본인과 소유권을 필수로 확인하도록 하여 사기 피해를 예방하고자 합니다.,2026-08-25 11:03
PRC_T2R5Q0R3P0P4Y1Y1W1X1V3U4U5C3C8,2209002,전자상거래 등에서의 소비자보호에 관한 법률 일부개정법률안,전자상거래법,이준석의원 등 10인,이준석,2025-03-17,정무위원회,소관위 심사중,,https://likms.assembly.go.kr/bill/billDetail.do?billId=PRC_T2R5Q0R3P0P4Y1Y1W1X1V3U4U5C3C8,소비자의 착각을 유도하는 '다크패턴' 같은 불법 온라인 상거래 행위를 주기적으로 점검하고 근절하기 위한 제도를 개선하려 합니다.,2026-08-25 11:03
PRC_X2V5W0S2S2R7R1P6Q1P0W4X4W9W3U2,2208932,전자상거래 등에서의 소비자보호에 관한 법률 일부개정법률안,전자상거래법,이정헌의원 등 14인,이정헌,2025-03-14,정무위원회,소관위 심사중,,https://likms.assembly.go.kr/bill/billDetail.do?billId=PRC_X2V5W0S2S2R7R1P6Q1P0W4X4W9W3U2,"온라인 중개 플랫폼이 입점 판매자의 정보를 더 철저히 확인하고, 지위를 이용한 불공정 거래를 금지하여 소비자와 판매자를 보호하려 합니다.",2026-08-25 11:03
PRC_X2W4W1U2V1U2U1C7A3B8Z3A9Y7Z1G8,2207007,전자상거래 등에서의 소비자보호에 관한 법률 일부개정법률안,전자상거래법,송재봉의원 등 10인,송재봉,2024-12-27,정무위원회,소관위 심사중,,https://likms.assembly.go.kr/bill/billDetail.do?billId=PRC_X2W4W1U2V1U2U1C7A3B8Z3A9Y7Z1G8,"온라인 쇼핑몰이 위조상품 유통을 상시 모니터링하고, 가품 판매로 인한 소비자 피해 발생 시 중개자도 함께 배상하도록 책임을 강화하려 합니다.",2026-08-25 11:03
PRC_H2H4D1E1C1C8B1Z9A1I1I1H3H2F9G0,2205923,전자상거래 등에서의 소비자보호에 관한 법률 일부개정법률안,전자상거래법,박주민의원 등 19인,박주민,2024-11-27,정무위원회,소관위 심사중,,https://likms.assembly.go.kr/bill/billDetail.do?billId=PRC_H2H4D1E1C1C8B1Z9A1I1I1H3H2F9G0,배달앱 등 온라인 중개 플랫폼이 중소상공인에게 과도한 수수료를 부과하거나 차별하는 것을 막기 위해 수수료 상한제를 도입하려 합니다.,2026-08-25 11:03
PRC_V2W4U1V1Q2R2P1Q6O0N7N2V6V9U8V6,2205831,전자상거래 등에서의 소비자보호에 관한 법률 일부개정법률안,전자상거래법,천준호의원 등 10인,천준호,2024-11-25,정무위원회,소관위 심사중,,https://likms.assembly.go.kr/bill/billDetail.do?billId=PRC_V2W4U1V1Q2R2P1Q6O0N7N2V6V9U8V6,대형 온라인 중개업체가 판매대금을 직접 받아 임의로 유용하는 것을 막기 위해 대금 정산 대행을 금지하려 합니다.,2026-08-25 11:03
PRC_N2M4V0T9S2R4A1W8V0D2D4B5A2X7W5,2204656,전자상거래 등에서의 소비자보호에 관한 법률 일부개정법률안,전자상거래법,이수진의원 등 10인,이수진,2024-10-11,정무위원회,소관위 심사중,,https://likms.assembly.go.kr/bill/billDetail.do?billId=PRC_N2M4V0T9S2R4A1W8V0D2D4B5A2X7W5,암표 방지 등을 이유로 전자상거래 사업자가 소비자의 민감한 생체정보를 수집하거나 이용하지 못하도록 금지하려 합니다.,2026-08-25 11:03
PRC_N2M4M0K8L3T0T1S6Q3R1P0Q2Y3W3X8,2203634,전자상거래 등에서의 소비자보호에 관한 법률 일부개정법률안,전자상거래법,임미애의원 등 19인,임미애,2024-09-04,정무위원회,소관위 심사중,,https://likms.assembly.go.kr/bill/billDetail.do?billId=PRC_N2M4M0K8L3T0T1S6Q3R1P0Q2Y3W3X8,"온라인 중개업체가 판매대금을 구매 확정일로부터 7일 이내에 지급하고, 대금의 절반 이상을 안전하게 별도 관리하도록 의무화하려 합니다.",2026-08-25 11:03
PRC_N2L4M0K8L2J1K1R4S2Q6P1P8O4O4K0,2203577,전자상거래 등에서의 소비자보호에 관한 법률 일부개정법률안,전자상거래법,윤영석의원 등 10인,윤영석,2024-09-03,정무위원회,소관위 심사중,,https://likms.assembly.go.kr/bill/billDetail.do?billId=PRC_N2L4M0K8L2J1K1R4S2Q6P1P8O4O4K0,온라인 중개 거래에서도 판매대금을 금융회사에 안전하게 예치하는 에스크로 제도를 도입해 대금 유용을 막고 판매자와 소비자를 보호하려 합니다.,2026-08-25 11:03
PRC_N2V4V0U8S2T2R1S7H2H5F4E3F7D6E5,2203349,전자상거래 등에서의 소비자보호에 관한 법률 일부개정법률안,전자상거래법,백혜련의원 등 11인,백혜련,2024-08-29,정무위원회,소관위 심사중,,https://likms.assembly.go.kr/bill/billDetail.do?billId=PRC_N2V4V0U8S2T2R1S7H2H5F4E3F7D6E5,통신판매중개자가 파산하더라도 소비자의 대금이 안전하게 환불될 수 있도록 예치의무를 도입하려 합니다.,2026-08-25 11:03
PRC_Y2Z4X0Y8F2G0F1F6D1E6C2D9L7J9K6,2203161,전자상거래 등에서의 소비자보호에 관한 법률 일부개정법률안,전자상거래법,김용민의원 등 12인,김용민,2024-08-23,정무위원회,소관위 심사중,,https://likms.assembly.go.kr/bill/billDetail.do?billId=PRC_Y2Z4X0Y8F2G0F1F6D1E6C2D9L7J9K6,티몬·위메프 사태 재발을 막기 위해 온라인 중개업자의 정산 주기를 구매 확정 후 3영업일 이내로 단축하고 대금을 별도 관리하도록 하려 합니다.,2026-08-25 11:03
PRC_D2B4C0B8B1Z2A1Q1Q2P6N0O9M7M0V3,2202973,전자상거래 등에서의 소비자보호에 관한 법률 일부개정법률안,전자상거래법,박성훈의원 등 10인,박성훈,2024-08-20,정무위원회,소관위 심사중,,https://likms.assembly.go.kr/bill/billDetail.do?billId=PRC_D2B4C0B8B1Z2A1Q1Q2P6N0O9M7M0V3,전자상거래 거래대금이 계약 체결 후 7일 이내에 지급되도록 의무화하고 에스크로 업체를 통해 안전하게 예치 관리하려 합니다.,2026-08-25 11:03
PRC_G2N4O0M8N0M8K1K1T2T1R4Q8Q2P4P6,2202941,전자상거래 등에서의 소비자보호에 관한 법률 일부개정법률안,전자상거래법,이건태의원 등 11인,이건태,2024-08-19,정무위원회,소관위 심사중,,https://likms.assembly.go.kr/bill/billDetail.do?billId=PRC_G2N4O0M8N0M8K1K1T2T1R4Q8Q2P4P6,"온라인 중개업체가 판매대금을 구매 확정일로부터 20일 이내에 정산하도록 하고, 지연 시 이자를 지급하게 하여 소상공인을 보호하려 합니다.",2026-08-25 11:03
PRC_B2B4F0G8E1F2D1E6C3C8K3L3J5J5I2,2202849,전자상거래 등에서의 소비자보호에 관한 법률 일부개정법률안,전자상거래법,김현정의원 등 13인,김현정,2024-08-14,정무위원회,소관위 심사중,,https://likms.assembly.go.kr/bill/billDetail.do?billId=PRC_B2B4F0G8E1F2D1E6C3C8K3L3J5J5I2,"온라인 중개업체의 판매대금 정산 기한을 구매 확정 후 14일 이내로 정하고, 대금을 안전한 방법으로 관리해 정산 지연 피해를 막고자 합니다.",2026-08-25 11:03
PRC_Q2X4Y0X8V0V7T1U1C3C2B2C0A3A3Y9,2202746,전자상거래 등에서의 소비자보호에 관한 법률 일부개정법률안,전자상거래법,이헌승의원 등 12인,이헌승,2024-08-12,정무위원회,소관위 심사중,,https://likms.assembly.go.kr/bill/billDetail.do?billId=PRC_Q2X4Y0X8V0V7T1U1C3C2B2C0A3A3Y9,온라인 중개업체가 판매대금을 구매 확정 후 10일 이내에 지급하고 고유 재산과 구분해 안전하게 예치·신탁하도록 하려 합니다.,2026-08-25 11:03
PRC_S2O4N0N8L0M8K1L3T2R5S5R8R0P6X1,2202667,전자상거래 등에서의 소비자보호에 관한 법률 일부개정법률안,전자상거래법,고동진의원 등 14인,고동진,2024-08-08,정무위원회,소관위 심사중,,https://likms.assembly.go.kr/bill/billDetail.do?billId=PRC_S2O4N0N8L0M8K1L3T2R5S5R8R0P6X1,"온라인 중개업체에 대금 지급 기한을 법으로 정하게 하고, 이를 어기면 과징금을 부과하여 중소 판매자의 자금난을 해소하려 합니다.",2026-08-25 11:03
PRC_T2S4S0R8R0Z5Z1Y4W3X8V3W9S3Q1R7,2202622,전자상거래 등에서의 소비자보호에 관한 법률 일부개정법률안,전자상거래법,박정현의원 등 13인,박정현,2024-08-07,정무위원회,소관위 심사중,,https://likms.assembly.go.kr/bill/billDetail.do?billId=PRC_T2S4S0R8R0Z5Z1Y4W3X8V3W9S3Q1R7,"이커머스 중개업체가 정산대금을 임의로 유용하지 못하도록 별도 관리를 의무화하고, 대금 지급 기한을 설정하여 영업정지 등의 제재를 가하려 합니다.",2026-08-25 11:03
PRC_I2Q4R0P8Q0O7P0N8N4W9U4U8T1U8S9,2202620,전자상거래 등에서의 소비자보호에 관한 법률 일부개정법률안,전자상거래법,송언석의원 등 11인,송언석,2024-08-07,정무위원회,소관위 심사중,,https://likms.assembly.go.kr/bill/billDetail.do?billId=PRC_I2Q4R0P8Q0O7P0N8N4W9U4U8T1U8S9,"온라인 중개업자의 대금 정산 주기를 구매 확정 후 5영업일 이내로 정하고, 대금을 금융사에 별도 관리해 유용을 막으려 합니다.",2026-08-25 11:03
PRC_R2S4Q0R8Z0A1Y1Y5W4X9W1E4E5C6D1,2202523,전자상거래 등에서의 소비자보호에 관한 법률 일부개정법률안,전자상거래법,천준호의원 등 10인,천준호,2024-08-02,정무위원회,소관위 심사중,,https://likms.assembly.go.kr/bill/billDetail.do?billId=PRC_R2S4Q0R8Z0A1Y1Y5W4X9W1E4E5C6D1,온라인 중개업체가 판매대금을 임의로 늦게 정산하는 것을 막기 위해 정산 주기를 구매 확정 후 7일 등으로 제한하고 지연 시 가산이자를 부과하려 합니다.,2026-08-25 11:03
PRC_Z2X4F0J7J2R5Q1P0N4O6K0J5I2G9O6,2202327,전자상거래 등에서의 소비자보호에 관한 법률 일부개정법률안,전자상거래법,정준호의원 등 11인,정준호,2024-07-29,정무위원회,소관위 심사중,,https://likms.assembly.go.kr/bill/billDetail.do?billId=PRC_Z2X4F0J7J2R5Q1P0N4O6K0J5I2G9O6,통신판매중개업자가 판매 제품의 국내 인증 여부를 확인하고 소비자에게 알리도록 하여 유해 제품 판매를 막으려 합니다.,2026-08-25 11:03
PRC_P2O6W0W4U2V7T1U0T3O0P4N5O5M2N1,2219178,표시·광고의 공정화에 관한 법률 일부개정법률안,표시광고법,이양수의원 등 10인,이양수,2026-06-11,정무위원회,소관위 심사중,,https://likms.assembly.go.kr/bill/billDetail.do?billId=PRC_P2O6W0W4U2V7T1U0T3O0P4N5O5M2N1,상습적으로 거짓이나 과장 광고를 하는 사업자에 대해 과징금 상한선을 높여 제재를 강화하려 합니다.,2026-08-25 11:03
PRC_H2F6B0A4Y0Z1Y1G7F1D8C1L3J4K0I2,2218161,표시·광고의 공정화에 관한 법률 일부개정법률안,표시광고법,이헌승의원 등 13인,이헌승,2026-04-07,정무위원회,소관위 심사중,,https://likms.assembly.go.kr/bill/billDetail.do?billId=PRC_H2F6B0A4Y0Z1Y1G7F1D8C1L3J4K0I2,회사 분할이나 합병 등 조직 변경 시에도 과징금 부과와 징수가 공백 없이 이루어지도록 관련 규정을 보완하려 합니다.,2026-08-25 11:03
PRC_K2K6S0T3R1R6Q1R5P5P3X4W8W4V2V8,2217579,표시·광고의 공정화에 관한 법률 일부개정법률안,표시광고법,권향엽의원 등 14인,권향엽,2026-03-18,정무위원회,소관위 심사중,,https://likms.assembly.go.kr/bill/billDetail.do?billId=PRC_K2K6S0T3R1R6Q1R5P5P3X4W8W4V2V8,거짓이나 기만적인 광고에 속아 계약을 맺은 소비자가 계약을 해제할 수 있도록 하여 피해 구제를 두텁게 하려 합니다.,2026-08-25 11:03
PRC_J2J6I0I3Q0P9P0N9O2M7N0V5V9U9U1,2217552,표시·광고의 공정화에 관한 법률 일부개정법률안,표시광고법,김승원의원 등 10인,김승원,2026-03-17,정무위원회,소관위 심사중,,https://likms.assembly.go.kr/bill/billDetail.do?billId=PRC_J2J6I0I3Q0P9P0N9O2M7N0V5V9U9U1,공정거래위원회의 조사에 불응할 경우 과징금과 이행강제금 등을 부과할 수 있게 하여 조사의 실효성을 높이려 합니다.,2026-08-25 11:03
PRC_Z2Y6Y0X2X2F4G1E3F1D3D2C6K1K2I4,2217060,표시·광고의 공정화에 관한 법률 일부개정법률안,표시광고법,김승원의원 등 11인,김승원,2026-02-26,정무위원회,소관위 심사중,,https://likms.assembly.go.kr/bill/billDetail.do?billId=PRC_Z2Y6Y0X2X2F4G1E3F1D3D2C6K1K2I4,거짓 및 과장 광고에 부과하는 과징금의 한도를 대폭 높여 불법 광고를 억제하고 소비자를 보호하려 합니다.,2026-08-25 11:03
PRC_H2O5P1O2M0N4L1L7T5U3S5T8R6R5Q4,2215499,표시·광고의 공정화에 관한 법률 일부개정법률안,표시광고법,박범계의원 등 10인,박범계,2025-12-22,정무위원회,소관위 심사중,,https://likms.assembly.go.kr/bill/billDetail.do?billId=PRC_H2O5P1O2M0N4L1L7T5U3S5T8R6R5Q4,공정거래위원회가 직접 시정방안을 요구할 수 있게 하고 제도를 남용한 경우 과징금을 가산하여 신속하게 질서를 회복하려 합니다.,2026-08-25 11:03
PRC_O2W5W1U1V2U8S1S4A3B0Z3A1Y6Y0X7,2215038,표시·광고의 공정화에 관한 법률 일부개정법률안,표시광고법,이정문의원 등 17인,이정문,2025-12-09,정무위원회,소관위 심사중,,https://likms.assembly.go.kr/bill/billDetail.do?billId=PRC_O2W5W1U1V2U8S1S4A3B0Z3A1Y6Y0X7,공정거래위원회의 단속 권한을 시·도지사 등에게 위임하거나 위탁할 수 있게 하여 법 집행의 실효성을 높이려 합니다.,2026-08-25 11:03
PRC_E2C5D0B7J0K4I1I3H3H9F3G5C5D0B0,2212570,표시·광고의 공정화에 관한 법률 일부개정법률안,표시광고법,문진석의원 등 10인,문진석,2025-09-01,정무위원회,소관위 심사중,,https://likms.assembly.go.kr/bill/billDetail.do?billId=PRC_E2C5D0B7J0K4I1I3H3H9F3G5C5D0B0,가격은 그대로 두고 용량이나 중요 원재료를 바꿀 경우 이를 미리 고지하도록 하여 소비자의 알 권리를 보장하려 합니다.,2026-08-25 11:03
PRC_W2W5U0V4U0U7J1K3I3I3H2F9G9N0O0,2209835,표시·광고의 공정화에 관한 법률 일부개정법률안,표시광고법,박덕흠의원 등 10인,박덕흠,2025-04-15,정무위원회,소관위 심사중,,https://likms.assembly.go.kr/bill/billDetail.do?billId=PRC_W2W5U0V4U0U7J1K3I3I3H2F9G9N0O0,인공지능(AI)을 활용한 이미지가 실제 제품과 혼동을 줄 우려가 있을 때 AI 활용 사실을 의무적으로 표시하게 하려 합니다.,2026-08-25 11:03
PRC_U2S4T1O2N0O2M1M1L5M4T5S3S2R5R6,2206259,표시·광고의 공정화에 관한 법률 일부개정법률안,표시광고법,유영하의원 등 10인,유영하,2024-12-05,정무위원회,소관위 심사중,,https://likms.assembly.go.kr/bill/billDetail.do?billId=PRC_U2S4T1O2N0O2M1M1L5M4T5S3S2R5R6,사업자에게 광고 내용에 대한 실증 자료를 사전에 확보하게 하고 자료를 내지 않으면 거짓·과장 광고로 추정하려 합니다.,2026-08-25 11:03
PRC_X2W4U0U7T0T1P1P7O2M2N3M7M1U0U4,2201470,표시·광고의 공정화에 관한 법률 일부개정법률안,표시광고법,이정문의원 등 16인,이정문,2024-07-08,정무위원회,소관위 심사중,,https://likms.assembly.go.kr/bill/billDetail.do?billId=PRC_X2W4U0U7T0T1P1P7O2M2N3M7M1U0U4,제품 가격을 유지하면서 용량이나 품질을 몰래 줄이는 행위를 방지하기 위해 변경 전후의 정보를 의무적으로 표시하게 하려 합니다.,2026-08-25 11:03
PRC_A2A4Y0X6Y1F0G1E5F0D4E2C7K4L4J1,2200462,표시·광고의 공정화에 관한 법률 일부개정법률안,표시광고법,이정문의원 등 12인,이정문,2024-06-13,정무위원회,소관위 심사중,,https://likms.assembly.go.kr/bill/billDetail.do?billId=PRC_A2A4Y0X6Y1F0G1E5F0D4E2C7K4L4J1,온라인 맞춤형 광고를 할 때 개인정보 보호법을 준수하고 맞춤형 광고라는 사실을 사전에 미리 알리도록 하려 합니다.,2026-08-25 11:03
PRC_Q2O6P0N3O1J6K1I1J4H9G3G4O6O7N4,2219751,소비자기본법 일부개정법률안,소비자기본법,민병덕의원 등 23인,민병덕,2026-07-03,정무위원회,소관위 심사중,,https://likms.assembly.go.kr/bill/billDetail.do?billId=PRC_Q2O6P0N3O1J6K1I1J4H9G3G4O6O7N4,대규모 소비자 피해가 발생했을 때 효율적인 손해배상을 위해 소비자집단소송 제도를 도입하려 합니다.,2026-08-25 11:03
PRC_V2D6E0C7C0B2Z1A5I0J5H1H6F6E0F9,2219743,소비자기본법 일부개정법률안,소비자기본법,김상훈의원 등 13인,김상훈,2026-07-03,정무위원회,소관위 심사중,,https://likms.assembly.go.kr/bill/billDetail.do?billId=PRC_V2D6E0C7C0B2Z1A5I0J5H1H6F6E0F9,급증하는 소비자 분쟁을 신속하게 해결하기 위해 소비자분쟁조정위원회 상임위원 수를 늘리려 합니다.,2026-08-25 11:03
PRC_F2E6E0C4D2B7C1K2I0J2I5I2G0O9P5,2218731,소비자기본법 일부개정법률안,소비자기본법,이학영의원 등 10인,이학영,2026-04-30,정무위원회,소관위 심사중,,https://likms.assembly.go.kr/bill/billDetail.do?billId=PRC_F2E6E0C4D2B7C1K2I0J2I5I2G0O9P5,온라인 유해 물품의 유통을 막기 위해 판매 금지 조치 대상에 통신판매중개업자도 포함하려 합니다.,2026-08-25 11:03
PRC_I2Q6P0Q3P3N1D2B0A0Y6U5T3U6T7R8,2218080,소비자기본법 일부개정법률안,소비자기본법,이강일의원 등 15인,이강일,2026-04-03,정무위원회,소관위 심사중,,https://likms.assembly.go.kr/bill/billDetail.do?billId=PRC_I2Q6P0Q3P3N1D2B0A0Y6U5T3U6T7R8,행정기관별로 나뉘어 있는 소비자 위해 정보를 통합 공유하여 신속하게 대응할 수 있도록 하려 합니다.,2026-08-25 11:03
PRC_T2S6Q0R3Q2Y6X1X6W3V7D1C5A3B5A8,2217842,소비자기본법 일부개정법률안,소비자기본법,이정문의원 등 13인,이정문,2026-03-30,정무위원회,소관위 심사중,,https://likms.assembly.go.kr/bill/billDetail.do?billId=PRC_T2S6Q0R3Q2Y6X1X6W3V7D1C5A3B5A8,급증하는 분쟁조정 사건을 빠르게 처리하기 위해 소비자분쟁조정위원회 상임위원 수를 대폭 확대하려 합니다.,2026-08-25 11:03
PRC_I2Q6Q0O3J1H8U1Q6P5O6N4T9S0R6A7,2217641,소비자기본법 일부개정법률안,소비자기본법,이헌승의원 등 14인,이헌승,2026-03-20,정무위원회,소관위 심사중,,https://likms.assembly.go.kr/bill/billDetail.do?billId=PRC_I2Q6Q0O3J1H8U1Q6P5O6N4T9S0R6A7,소비자원이 관계기관에 사업자의 법령 위반 사실을 통보하면 기관이 조치 결과를 회신하도록 의무화하려 합니다.,2026-08-25 11:03
PRC_I2I5H1I1G0G7E1F8N1L5M2K4L8J4K3,2216097,소비자기본법 일부개정법률안,소비자기본법,김종민의원 등 10인,김종민,2026-01-16,정무위원회,소관위 심사중,,https://likms.assembly.go.kr/bill/billDetail.do?billId=PRC_I2I5H1I1G0G7E1F8N1L5M2K4L8J4K3,한국소비자원이 유사한 피해를 입은 다수의 소비자에게 신청 없이도 일괄적으로 피해 구제를 권고할 수 있는 근거를 마련하려 합니다.,2026-08-25 11:03
PRC_B2Z5I0G9F1D9E1M3L5K7O4M3L8T1R6,2214960,소비자기본법 일부개정법률안,소비자기본법,정태호의원 등 10인,정태호,2025-12-05,정무위원회,소관위 심사중,,https://likms.assembly.go.kr/bill/billDetail.do?billId=PRC_B2Z5I0G9F1D9E1M3L5K7O4M3L8T1R6,"소비자단체소송을 활성화하기 위해 소송 제기 요건을 피해 예상까지 넓히고, 까다로운 소송허가제를 폐지하며, 재판에 필요한 자료 제출 명령 제도를 도입합니다.",2026-08-25 11:03
PRC_Z2X5Y1W1X0V5W1L4J3K4I2J5H6I3P9,2214328,소비자기본법 일부개정법률안,소비자기본법,유동수의원 등 10인,유동수,2025-11-17,정무위원회,소관위 심사중,,https://likms.assembly.go.kr/bill/billDetail.do?billId=PRC_Z2X5Y1W1X0V5W1L4J3K4I2J5H6I3P9,"소비자단체소송을 쉽게 제기할 수 있도록 소송허가제를 없애고 사전 피해 예방 목적까지 대상을 넓히며, 유사한 피해를 본 소비자들을 한꺼번에 구제할 수 있는 근거를 마련합니다.",2026-08-25 11:03
PRC_N2L5J0K4S2S3R1S5Q5Q6P0X6X5V2W3,2210267,소비자기본법 일부개정법률안,소비자기본법,최보윤의원 등 10인,최보윤,2025-04-30,정무위원회,소관위 심사중,,https://likms.assembly.go.kr/bill/billDetail.do?billId=PRC_N2L5J0K4S2S3R1S5Q5Q6P0X6X5V2W3,법원 등 위원의 해촉 사유에서 장애인에 대한 편견을 줄이기 위해 '심신장애'라는 표현을 다른 용어로 개선합니다.,2026-08-25 11:03
PRC_F2E5F0M2N0L4M0K9I0J5R5S3Q1Q8P0,2207966,소비자기본법 일부개정법률안,소비자기본법,이종배의원 등 10인,이종배,2025-02-07,정무위원회,소관위 심사중,,https://likms.assembly.go.kr/bill/billDetail.do?billId=PRC_F2E5F0M2N0L4M0K9I0J5R5S3Q1Q8P0,"한국소비자원장이 건의한 소비자 보호 정책을 소비자정책위원회에 보고하도록 하여, 정부나 지자체가 이를 더 실효성 있게 이행하도록 권고할 수 있는 기능을 강화합니다.",2026-08-25 11:03
PRC_P2N4M0M8I0I7G1I7G1G9E3F3N2L2M7,2205832,소비자기본법 일부개정법률안,소비자기본법,정을호의원 등 11인,정을호,2024-11-25,정무위원회,소관위 심사중,,https://likms.assembly.go.kr/bill/billDetail.do?billId=PRC_P2N4M0M8I0I7G1I7G1G9E3F3N2L2M7,"기업이 가격은 그대로 둔 채 제품 용량을 줄이는 꼼수 인상을 막기 위해, 용량 등이 바뀔 경우 이를 3개월 이상 포장에 표시하도록 하여 소비자의 알 권리를 보장합니다.",2026-08-25 11:03
PRC_D2E4C0D7B1C0Y1W0W0U8W1U2U5C5B8,2202146,소비자기본법 일부개정법률안,소비자기본법,임오경의원 등 10인,임오경,2024-07-23,정무위원회,소관위 심사중,,https://likms.assembly.go.kr/bill/billDetail.do?billId=PRC_D2E4C0D7B1C0Y1W0W0U8W1U2U5C5B8,"악성 소비자의 부당한 요구 등 불공정 행위로부터 소상공인을 보호하기 위해, 소비자가 권리를 정당하게 행사하고 공정한 시장 질서를 지켜야 한다는 책무를 명확히 합니다.",2026-08-25 11:03
PRC_D2M4J0H7Q1P7O1V6V5U4C0B8A6U9T2,2201933,소비자기본법 일부개정법률안,소비자기본법,한민수의원 등 10인,한민수,2024-07-18,정무위원회,소관위 심사중,,https://likms.assembly.go.kr/bill/billDetail.do?billId=PRC_D2M4J0H7Q1P7O1V6V5U4C0B8A6U9T2,"결함 제품에 대한 시정계획서 제출과 이행 의무를 법률로 명확히 하고, 이를 지키지 않으면 과태료를 부과할 수 있게 하여 소비자 안전 조치의 실효성을 높입니다.",2026-08-25 11:03
