날짜,카테고리,이슈명,건수
2026-08-31,지배구조,고려아연 분쟁,61
2026-08-31,지배구조,법인세 중간예납,19
2026-08-31,상생,신세계 납품대금 조기지급,29
2026-08-31,지배구조,고려아연 영풍 분쟁,20
2026-08-31,지배구조,고려아연 지배구조 분쟁,44
2026-08-31,상생,신세계 납품대금 조기지급,46
2026-08-31,ESG,신한라이프 GA 제휴,33
2026-08-31,기타,원스토어 글로벌 진출,21
2026-08-31,공정거래,한화 KAI 인수 승인,63
2026-08-31,공정거래,한화 KAI 지분 인수,38
2026-09-01,지배구조,고려아연 분쟁,66
2026-09-01,상생,납품대금 지급기한 단축,47
2026-09-01,지배구조,한화 KAI 인수,104
2026-09-01,지배구조,고려아연 분쟁,64
2026-09-01,지배구조,금융지주 지배구조,18
2026-09-01,삼성그룹,기업 실적,53
2026-09-01,상생,납품대금 지급기한 단축,47
2026-09-01,ESG,상생금융,47
2026-09-01,지배구조,한화 KAI 인수,110
2026-09-01,ESG,IT 가전 실속형 제품,81
2026-09-01,공정거래,TPG 롯데렌탈 인수,38
2026-09-01,지배구조,고려아연 분쟁,41
2026-09-01,공정거래,롯데렌탈 매각 승인,34
2026-09-01,상생,소상공인 상생보험,16
2026-09-01,ESG,지속가능경영보고서 발간,16
2026-09-01,공정거래,쿠팡 공정위 조사 거부,16
2026-09-01,공정거래,한화 KAI 인수,59
2026-09-01,ESG,AI 에이전트 협력,27
2026-09-01,공정거래,TPG 롯데렌탈 인수,40
2026-09-01,공정거래,장류 담합 조사,29
2026-09-02,ESG,AI 에이전트 품질관리 나선다 LG유플러스 어라이즈 AI와 협력,17
2026-09-02,지배구조,TPG 롯데렌탈 인수,16
2026-09-02,공정거래,공정위제재,28
2026-09-02,상생,상생협력,27
2026-09-02,상생,상생협력 기금,22
2026-09-02,기타,증시 변동성,31
2026-09-02,상생,CJ프레시웨이 식봄 30만,17
2026-09-02,기타,두산퓨얼셀 미국 진출,30
2026-09-02,상생,롯데 파트너사 조기지급,48
2026-09-02,공정거래,롯데렌탈 매각 승인,17
2026-09-02,공정거래,쿠팡 공정위 갈등,22
2026-09-02,상생,현대로템 상생 강화,21
2026-09-02,공정거래,공정위 AI 신기술 광고 실증제도,16
2026-09-02,상생,동반성장 지원,19
2026-09-02,상생,롯데 파트너사 조기지급,21
2026-09-02,상생,삼성전기 협력사 소통포럼,20
2026-09-02,공정거래,쿠팡 공정위 조사 거부,25
2026-09-02,공정거래,한화 KAI 인수,23
2026-09-03,ESG,삼성전자 AI 리빙,18
2026-09-03,기타,LG전자 IFA AI홈,36
2026-09-03,공정거래,공정위금융위 정무위 출석,16
2026-09-03,공정거래,기업 준법경영,18
2026-09-03,기타,삼성전자LG전자 IFA 2026 참관,19
2026-09-03,지배구조,지배구조 개편,44
2026-09-03,기타,투자 유치,22
2026-09-03,ESG,국민의힘 레버리지 ETF 국조,18
2026-09-03,공정거래,국세청 법인 사택 세무조사,18
2026-09-03,공정거래,대웅제약 특허 확보,21
2026-09-03,ESG,우리금융 디노랩 1기,18
2026-09-03,ESG,티빙 개인정보 유출,39
2026-09-03,ESG,티빙 개인정보 유출 사고,89
2026-09-03,하도급,티빙 정보유출,25
2026-09-03,지배구조,하이브 방시혁 부당이득 송치,29
2026-09-04,하도급,티빙 개인정보 유출,65
2026-09-04,ESG,하이트진로 AX 리더 육성,24
2026-09-04,기타,국민의힘 레버리지 ETF 국조,30
2026-09-04,노동,노동부 성과급 파업 지침,33
2026-09-04,ESG,두나무 준법경영 강화,32
2026-09-04,상생,하나은행 소상공인 지원,24
2026-09-04,지배구조,정몽규 계열사 누락 혐의,23
2026-09-04,공정거래,정몽규 공정거래법 위반,31
2026-09-04,시민단체,티빙 개인정보 유출,17
2026-09-04,지배구조,한국발전 발전 5사 통합 출범,30
2026-09-04,공정거래,한국전력 발전사 통합,18
2026-09-05,상생,AI 산업,16
2026-09-05,ESG,국회 메가특구법,18
2026-09-06,상법,상장폐지 요건 강화,20
2026-09-06,ESG,G마켓 챗GPT 플러그인 도입,17
2026-09-07,상생,CJ대한통운 준법경영 인증,20
2026-09-07,상생,대상 협력사 대금 조기지급,38
2026-09-07,상생,삼립 상생펀드 확대,27
2026-09-07,ESG,ESG 경영,21
2026-09-07,상생,IPARK현대산업개발 협력사 상생,23
2026-09-07,공정거래,LH 입찰비리 제재,22
2026-09-07,상생,건설 하도급 제도,22
2026-09-07,지배구조,고려아연 분쟁,36
2026-09-07,공정거래,공정위 대기업 공시 위반,31
2026-09-07,ESG,국책은행 스케일업 펀드 조성,28
2026-09-07,기타,네이버클라우드 대만 진출,37
2026-09-07,상생,대상 결제대금 조기지급,18
2026-09-07,ESG,데이터센터 협력,16
2026-09-07,삼성그룹,삼성그룹 하반기 공채,159
2026-09-07,지배구조,지배구조 개편,43
2026-09-07,공정거래,한화 KAI 인수,17
2026-09-08,지배구조,고려아연 분쟁,16
2026-09-08,삼성그룹,삼성그룹 하반기 공채,18
2026-09-08,상생,상생협력,31
2026-09-08,기타,국내은행 주담대연체,41
2026-09-08,상법,대기업 이사회 개편,17
2026-09-08,삼성그룹,삼성SDS AI,21
2026-09-08,ESG,셀트리온 바이오 협력,47
2026-09-08,상생,오뚜기 대금지급,19
2026-09-08,삼성그룹,AI 산업,27
2026-09-08,하도급,건설 하도급 제도,30
2026-09-08,상생,삼성SDS AX 전략,17
2026-09-08,하도급,아성다이소 공정위 현장조사,17
2026-09-08,하도급,오뚜기 하도급대금 조기 지급,49
2026-09-08,상생,이소영 자영업자 대책,23
2026-09-08,지배구조,카카오 지배구조 개편,24
2026-09-08,상생,프랜차이즈규제,36
2026-09-09,하도급,건설 하도급 제도,19
2026-09-09,기타,AI 산업,16
2026-09-09,지배구조,고려아연 분쟁,27
2026-09-09,지배구조,삼성 오너일가 주식가치,24
2026-09-09,ESG,KB금융 BS그룹 협력,29
2026-09-09,지배구조,고려아연 분쟁,196
2026-09-09,지배구조,기업은행 182억 대출사기,22
2026-09-09,ESG,기업은행 어워즈 수상,27
2026-09-09,내부거래,삼성전자 노조 조끼 발주,37
2026-09-09,지배구조,스마일게이트 권혁빈 이혼 재산분할,41
2026-09-09,지배구조,스마일게이트 재산분할,17
2026-09-10,지배구조,고려아연 분쟁,23
2026-09-10,상생,국회경제계 플랫폼,19
2026-09-10,공정거래,동양생명 과징금,22
2026-09-10,지배구조,스마일게이트 권혁빈 이혼소송,16
2026-09-10,공정거래,한화 KAI 인수,18
2026-09-10,ESG,SK스퀘어 AI 네이티브 전환,19
2026-09-10,기타,금융사 상생금융,17
2026-09-10,지배구조,지배구조 개편,44
2026-09-10,상생,HD현대 상생협약,17
2026-09-10,상생,HD현대 협력사 상생,38
2026-09-10,지배구조,고려아연 분쟁,24
2026-09-10,지배구조,고려아연 지배구조,50
2026-09-10,공정거래,대한항공 시정명령 변경 요청,23
2026-09-10,삼성그룹,삼성전자 히트펌프,64
2026-09-11,기타,KB금융 BS그룹 협력,37
2026-09-11,지배구조,고려아연 지배구조,23
2026-09-11,지배구조,고려아연 지배구조,25
2026-09-11,지배구조,카카오 현안,24
2026-09-11,지배구조,KB금융 BS그룹 협력,28
2026-09-11,ESG,국민연금LG AI연구원 협력,78
2026-09-11,상생,중기부 온라인플랫폼 별점제 개선,21
2026-09-12,지배구조,KB금융 차기 회장 선임,60
2026-09-13,상생,상생협력,28
2026-09-13,상생,KT AI 미디어 협력,16
2026-09-13,기타,SK 울산 AI시티,17
2026-09-14,ESG,ESG 경영,39
2026-09-14,지배구조,KB금융 차기 회장 선임,34
2026-09-14,상생,기업동향,84
2026-09-14,상생,소상공인 성장 지원,19
2026-09-14,상생,스타벅스 소상공인 상생음료,21
2026-09-14,지배구조,지배구조 개편,60
2026-09-14,상생,추석 하도급 대금 조기 지급,21
2026-09-14,상생,HL어드밴스드 상생 협약,43
2026-09-14,지배구조,KB금융 지배구조 개편,17
2026-09-14,상생,LG그룹 추석 상생협력 대금 지원,26
2026-09-14,ESG,iM금융그룹 MSCI 평가,25
2026-09-14,기타,기아 PV7 공개,33
2026-09-14,공정거래,민생물가 탈세 기업 세무조사,29
2026-09-14,공정거래,배민무신사풀무원 세무조사,55
2026-09-14,상생,삼성 납품대금 조기 지급,43
2026-09-14,상생,삼성 상생협력 대금 지급,74
2026-09-14,공정거래,석유화학업계 담합 수사,43
2026-09-14,공정거래,소비자원 추석 항공 피해주의보,42
2026-09-14,상생,스타벅스 상생음료 출시,18
2026-09-14,상생,신한은행 땡겨요 성과,55
2026-09-14,상생,중흥그룹 공사대금 조기지급,23
2026-09-15,공정거래,국세청 배민무신사 등 세무조사,20
2026-09-15,ESG,기아 PV7 공개,32
2026-09-15,상생,추석 하도급 대금 조기 지급,21
2026-09-15,상생,CJ 중소협력사 조기지급,69
2026-09-15,ESG,DL 지속가능경영보고서 발간,19
2026-09-15,하도급,국토부 불법하도급 처분,21
2026-09-15,상생,금융위원회 생산적 금융 확대,18
2026-09-15,상생,기업 규제 완화,17
2026-09-15,지배구조,대기업 여성 임원 승진,18
2026-09-15,공정거래,대한항공아시아나 마일리지 통합,20
2026-09-15,상생,배달앱 규제,20
2026-09-15,삼성그룹,삼성SDS 앤트로픽 파트너십,29
2026-09-15,상생,소상공인 성장 지원,27
2026-09-15,상법,여야 민생법안 추진,32
2026-09-15,지배구조,지배구조 개편,22
2026-09-15,상생,추석 하도급 대금 조기 지급,19
2026-09-15,ESG,AI 산업,20
2026-09-15,ESG,BNK금융 다크패턴 점검,19
2026-09-15,상생,CJ 중소협력사 조기지급,36
2026-09-15,ESG,DL그룹 ESG 보고서,24
2026-09-15,ESG,ESG 경영,25
2026-09-15,기타,LG유플러스 홈미디어 공개,26
2026-09-15,지배구조,금감원장 금융사 CEO승계 지적,49
2026-09-15,공정거래,대한항공 아시아나 마일리지 통합 승인,231
2026-09-15,기타,두산퓨얼셀 대규모 수주,23
2026-09-15,기타,삼성SDS AI협력,23
2026-09-15,상생,이소영 중기부 장관 후보자,47
2026-09-15,상생,중기중앙회 배달앱 실태,29
2026-09-16,기타,두산퓨얼셀 수주,20
2026-09-16,공정거래,한진칼 마일리지 통합,38
2026-09-16,기타,AI 산업,20
2026-09-16,상생,CJ 중소협력사 조기지급,30
2026-09-16,지배구조,KB자산운용 펀드,16
2026-09-16,공정위인사,공정위 규제 논란,21
2026-09-16,상생,더본코리아 가맹점지원,17
2026-09-16,ESG,삼성전자 AI박람회,26
2026-09-16,지배구조,지배구조 개편,62
2026-09-16,하도급,추석 하도급 대금 조기 지급,38
2026-09-16,공정거래,한진칼 마일리지 통합,27
2026-09-16,하도급,세종테크노파크 용역 비리 의혹,17
2026-09-16,지배구조,카카오 현안,22
2026-09-16,시민단체,쿠팡 개인정보 유출 조정안 거부,48
2026-09-16,ESG,현대제철 ISO 37301 인증,39
2026-09-17,ESG,iM금융 국가공헌대상 수상,16
2026-09-17,ESG,한화생명 소비자보호 강화,25
